"","Id","Position","First.Name","Nickname","Last.Name","FPPG","Played","Salary","Game","Team","Opponent","Injury.Indicator","Injury.Details","X","X.1"
"1","20431-62497","RB","David","David Johnson","Johnson",22.9874992370605,16,9400,"ARI@DET","ARI","DET","","",NA,NA
"2","20431-11612","WR","Antonio","Antonio Brown","Brown",16.9533335367839,15,9100,"PIT@CLE","PIT","CLE","","",NA,NA
"3","20431-14190","WR","Julio","Julio Jones","Jones",15.5999995640346,14,9000,"ATL@CHI","ATL","CHI","","",NA,NA
"4","20431-31360","WR","Odell","Odell Beckham Jr.","Beckham Jr.",15.3812503814697,16,8800,"NYG@DAL","NYG","DAL","","",NA,NA
"5","20431-6616","QB","Matt","Matt Ryan","Ryan",22.1537494659424,16,8500,"ATL@CHI","ATL","CHI","","",NA,NA
"6","20431-6779","RB","LeSean","LeSean McCoy","McCoy",18.2199991861979,15,8500,"NYJ@BUF","BUF","NYJ","","",NA,NA
"7","20431-14187","WR","A.J.","A.J. Green","Green",15.3399993896484,10,8400,"BAL@CIN","CIN","BAL","","",NA,NA
"8","20431-6894","QB","Aaron","Aaron Rodgers","Rodgers",24.1887493133545,16,8300,"SEA@GB","GB","SEA","","",NA,NA
"9","20431-32384","WR","Mike","Mike Evans","Evans",16.0062503814697,16,8300,"TB@MIA","TB","MIA","","",NA,NA
"10","20431-22038","QB","Kirk","Kirk Cousins","Cousins",19.5174999237061,16,8100,"PHI@WAS","WAS","PHI","","",NA,NA
"11","20431-22015","QB","Russell","Russell Wilson","Wilson",17.5037498474121,16,8000,"SEA@GB","SEA","GB","","",NA,NA
"12","20431-22031","WR","T.Y.","T.Y. Hilton","Hilton",14.2687501907349,16,8000,"IND@LA","IND","LA","","",NA,NA
"13","20431-24849","QB","Jameis","Jameis Winston","Winston",17.1312503814697,16,7800,"TB@MIA","TB","MIA","","",NA,NA
"14","20431-29358","QB","Marcus","Marcus Mariota","Mariota",17.9293334960938,15,7800,"OAK@TEN","TEN","OAK","","",NA,NA
"15","20431-31716","QB","Dak","Dak Prescott","Prescott",18.1800003051758,16,7800,"NYG@DAL","DAL","NYG","","",NA,NA
"16","20431-11435","WR","Dez","Dez Bryant","Bryant",11.9230769230769,13,7800,"NYG@DAL","DAL","NYG","","",NA,NA
"17","20431-6893","WR","Jordy","Jordy Nelson","Nelson",16.0125007629395,16,7700,"SEA@GB","GB","SEA","","",NA,NA
"18","20431-45859","QB","Derek","Derek Carr","Carr",18.2986673990885,15,7700,"OAK@TEN","OAK","TEN","","",NA,NA
"19","20431-6654","QB","Matthew","Matthew Stafford","Stafford",18.1112499237061,16,7600,"ARI@DET","DET","ARI","","",NA,NA
"20","20431-14377","QB","Tyrod","Tyrod Taylor","Taylor",18.4613342285156,15,7500,"NYJ@BUF","BUF","NYJ","","",NA,NA
"21","20431-42142","RB","Jordan","Jordan Howard","Howard",14.3733337402344,15,7500,"ATL@CHI","CHI","ATL","","",NA,NA
"22","20431-14225","QB","Andy","Andy Dalton","Dalton",16.7900009155273,16,7400,"BAL@CIN","CIN","BAL","","",NA,NA
"23","20431-6748","QB","Carson","Carson Palmer","Palmer",17.1413330078125,15,7300,"ARI@DET","ARI","DET","","",NA,NA
"24","20431-6826","QB","Eli","Eli Manning","Manning",15.0112495422363,16,7300,"NYG@DAL","NYG","DAL","","",NA,NA
"25","20431-22037","RB","Lamar","Lamar Miller","Miller",12.5428575788225,14,7300,"JAC@HOU","HOU","JAC","","",NA,NA
"26","20431-30447","RB","Todd","Todd Gurley","Gurley",11.0437498092651,16,7300,"IND@LA","LA","IND","","",NA,NA
"27","20431-34308","QB","Blake","Blake Bortles","Bortles",17.9125003814697,16,7200,"JAC@HOU","JAC","HOU","","",NA,NA
"28","20431-16606","WR","DeAndre","DeAndre Hopkins","Hopkins",9.89999961853027,16,7100,"JAC@HOU","HOU","JAC","","",NA,NA
"29","20431-70324","QB","Carson","Carson Wentz","Wentz",14.2174997329712,16,7100,"PHI@WAS","PHI","WAS","","",NA,NA
"30","20431-21980","WR","Alshon","Alshon Jeffery","Jeffery",10.0083332061768,12,7000,"PHI@WAS","PHI","WAS","","",NA,NA
"31","20431-24641","WR","Sammy","Sammy Watkins","Watkins",8.625,8,6900,"IND@LA","LA","IND","","",NA,NA
"32","20431-6739","WR","DeSean","DeSean Jackson","Jackson",10.1666666666667,15,6900,"TB@MIA","TB","MIA","","",NA,NA
"33","20431-9371","RB","Marshawn","Marshawn Lynch","Lynch",10.8857138497489,7,6900,"OAK@TEN","OAK","TEN","","",NA,NA
"34","20431-9392","WR","Michael","Michael Crabtree","Crabtree",12.1750001907349,16,6900,"OAK@TEN","OAK","TEN","","",NA,NA
"35","20431-11485","WR","Golden","Golden Tate","Tate",11.1000003814697,16,6900,"ARI@DET","DET","ARI","","",NA,NA
"36","20431-6759","WR","Brandon","Brandon Marshall","Marshall",8.42000020345052,15,6800,"NYG@DAL","NYG","DAL","","",NA,NA
"37","20431-45889","WR","Davante","Davante Adams","Adams",13.0749998092651,16,6800,"SEA@GB","GB","SEA","","",NA,NA
"38","20431-28473","RB","Carlos","Carlos Hyde","Hyde",13.7384620079627,13,6800,"CAR@SF","SF","CAR","","",NA,NA
"39","20431-14336","RB","Jacquizz","Jacquizz Rodgers","Rodgers",8.43000030517578,10,6700,"TB@MIA","TB","MIA","","",NA,NA
"40","20431-6898","QB","Jay","Jay Cutler","Cutler",10.3519996643066,5,6700,"TB@MIA","MIA","TB","","",NA,NA
"41","20431-25410","QB","Mike","Mike Glennon","Glennon",9,1,6700,"ATL@CHI","CHI","ATL","","",NA,NA
"42","20431-28643","WR","Allen","Allen Robinson","Robinson",10.1750001907349,16,6700,"JAC@HOU","JAC","HOU","","",NA,NA
"43","20431-6774","WR","Pierre","Pierre Garcon","Garcon",10.1000003814697,16,6600,"CAR@SF","SF","CAR","","",NA,NA
"44","20431-6803","QB","Josh","Josh McCown","McCown",11.6199996948242,5,6600,"NYJ@BUF","NYJ","BUF","","",NA,NA
"45","20431-6914","TE","Greg","Greg Olsen","Olsen",10.4562501907349,16,6600,"CAR@SF","CAR","SF","","",NA,NA
"46","20431-29734","RB","Ty","Ty Montgomery","Montgomery",7.9,15,6600,"SEA@GB","GB","SEA","","",NA,NA
"47","20431-38435","QB","Jared","Jared Goff","Goff",8.59428569248744,7,6600,"IND@LA","LA","IND","","",NA,NA
"48","20431-24929","WR","Kelvin","Kelvin Benjamin","Benjamin",10.3500003814697,16,6500,"CAR@SF","CAR","SF","","",NA,NA
"49","20431-62538","WR","Cameron","Cameron Meredith","Meredith",10.4628568376814,14,6500,"ATL@CHI","CHI","ATL","","",NA,NA
"50","20431-9421","RB","Danny","Danny Woodhead","Woodhead",12.0500001907349,2,6500,"BAL@CIN","BAL","CIN","","",NA,NA
"51","20431-11501","WR","Eric","Eric Decker","Decker",11.966667175293,3,6500,"OAK@TEN","TEN","OAK","","",NA,NA
"52","20431-25969","QB","Tom","Tom Savage","Savage",5.87999979654948,3,6500,"JAC@HOU","HOU","JAC","","",NA,NA
"53","20431-54684","RB","Isaiah","Isaiah Crowell","Crowell",11.5687503814697,16,6500,"PIT@CLE","CLE","PIT","","",NA,NA
"54","20431-54879","QB","Deshaun","Deshaun Watson","Watson",0,0,6500,"JAC@HOU","HOU","JAC","","",NA,NA
"55","20431-55050","RB","Christian","Christian McCaffrey","McCaffrey",0,0,6500,"CAR@SF","CAR","SF","","",NA,NA
"56","20431-31394","WR","Jarvis","Jarvis Landry","Landry",11.5187501907349,16,6400,"TB@MIA","MIA","TB","","",NA,NA
"57","20431-6883","WR","Larry","Larry Fitzgerald","Fitzgerald",11.8937501907349,16,6400,"ARI@DET","ARI","DET","","",NA,NA
"58","20431-29587","QB","Cody","Cody Kessler","Kessler",8.77777777777778,9,6400,"PIT@CLE","CLE","PIT","","",NA,NA
"59","20431-52442","RB","Joe","Joe Mixon","Mixon",0,0,6400,"BAL@CIN","CIN","BAL","","",NA,NA
"60","20431-54607","RB","Terrance","Terrance West","West",9.625,16,6400,"BAL@CIN","BAL","CIN","","",NA,NA
"61","20431-21994","QB","Brock","Brock Osweiler","Osweiler",12.2986663818359,15,6400,"PIT@CLE","CLE","PIT","","",NA,NA
"62","20431-7872","QB","Brian","Brian Hoyer","Hoyer",13.2666664123535,6,6400,"CAR@SF","SF","CAR","","",NA,NA
"63","20431-30968","RB","Eddie","Eddie Lacy","Lacy",8.15999984741211,5,6300,"SEA@GB","SEA","GB","","",NA,NA
"64","20431-33260","WR","DeVante","DeVante Parker","Parker",8.42666676839193,15,6300,"TB@MIA","MIA","TB","","",NA,NA
"65","20431-38628","QB","Mitchell","Mitchell Trubisky","Trubisky",0,0,6300,"ATL@CHI","CHI","ATL","","",NA,NA
"66","20431-15212","WR","Terrelle","Terrelle Pryor Sr.","Pryor Sr.",10.9337501525879,16,6200,"PHI@WAS","WAS","PHI","","",NA,NA
"67","20431-27776","RB","Tevin","Tevin Coleman","Coleman",13.5076927771935,13,6200,"ATL@CHI","ATL","CHI","","",NA,NA
"68","20431-11512","TE","Jimmy","Jimmy Graham","Graham",9.80000019073486,16,6200,"SEA@GB","SEA","GB","","",NA,NA
"69","20431-11779","RB","LeGarrette","LeGarrette Blount","Blount",14.3374996185303,16,6200,"PHI@WAS","PHI","WAS","","",NA,NA
"70","20431-14231","QB","Colin","Colin Kaepernick","Kaepernick",18.5854547674006,11,6200,"CAR@SF","SF","CAR","","",NA,NA
"71","20431-6733","RB","Jonathan","Jonathan Stewart","Stewart",10.953845684345,13,6100,"CAR@SF","CAR","SF","","",NA,NA
"72","20431-27229","RB","Ameer","Ameer Abdullah","Abdullah",12.1499996185303,2,6100,"ARI@DET","DET","ARI","","",NA,NA
"73","20431-6808","QB","Matt","Matt Moore","Moore",14.4350004196167,4,6100,"TB@MIA","MIA","TB","","",NA,NA
"74","20431-6863","TE","Delanie","Delanie Walker","Walker",10.3733337402344,15,6100,"OAK@TEN","TEN","OAK","","",NA,NA
"75","20431-33557","TE","Tyler","Tyler Eifert","Eifert",10.4875001907349,8,6100,"BAL@CIN","CIN","BAL","","",NA,NA
"76","20431-7283","WR","Jeremy","Jeremy Maclin","Maclin",7.29166666666667,12,6100,"BAL@CIN","BAL","CIN","","",NA,NA
"77","20431-22103","WR","Marvin","Marvin Jones Jr.","Jones Jr.",9.65333353678385,15,6100,"ARI@DET","DET","ARI","","",NA,NA
"78","20431-22163","WR","Rishard","Rishard Matthews","Matthews",11.1875,16,6100,"OAK@TEN","TEN","OAK","","",NA,NA
"79","20431-8023","QB","Josh","Josh Johnson","Johnson",0,0,6100,"NYG@DAL","NYG","DAL","","",NA,NA
"80","20431-28677","QB","Matt","Matt McGloin","McGloin",0.566666682561239,3,6000,"PHI@WAS","PHI","WAS","","",NA,NA
"81","20431-14344","QB","T.J.","T.J. Yates","Yates",5.94999980926514,4,6000,"NYJ@BUF","BUF","NYJ","","",NA,NA
"82","20431-30761","QB","Nathan","Nathan Peterman","Peterman",0,0,6000,"NYJ@BUF","BUF","NYJ","","",NA,NA
"83","20431-80008","QB","Alek","Alek Torgersen","Torgersen",0,0,6000,"ATL@CHI","ATL","CHI","","",NA,NA
"84","20431-57537","QB","DeShone","DeShone Kizer","Kizer",0,0,6000,"PIT@CLE","CLE","PIT","","",NA,NA
"85","20431-28896","QB","Bart","Bart Houston","Houston",0,0,6000,"PIT@CLE","PIT","CLE","","",NA,NA
"86","20431-6373","QB","Derek","Derek Anderson","Anderson",5.38000011444092,4,6000,"CAR@SF","CAR","SF","","",NA,NA
"87","20431-22820","QB","Matt","Matt Simms","Simms",0,0,6000,"ATL@CHI","ATL","CHI","","",NA,NA
"88","20431-22848","QB","Austin","Austin Davis","Davis",7.39333343505859,3,6000,"SEA@GB","SEA","GB","","",NA,NA
"89","20431-31047","QB","AJ","AJ McCarron","McCarron",8.17999976021903,7,6000,"BAL@CIN","CIN","BAL","","",NA,NA
"90","20431-14696","QB","Scott","Scott Tolzien","Tolzien",5.46999979019165,2,6000,"IND@LA","IND","LA","","",NA,NA
"91","20431-45420","QB","Zach","Zach Terrell","Terrell",0,0,6000,"BAL@CIN","BAL","CIN","","",NA,NA
"92","20431-22894","QB","Kellen","Kellen Moore","Moore",13.0200004577637,3,6000,"NYG@DAL","DAL","NYG","","",NA,NA
"93","20431-53616","QB","Skyler","Skyler Howard","Howard",0,0,6000,"SEA@GB","SEA","GB","","",NA,NA
"94","20431-24949","QB","EJ","EJ Manuel","Manuel",1.48800001144409,5,6000,"OAK@TEN","OAK","TEN","","",NA,NA
"95","20431-41343","QB","Nick","Nick Marshall","Marshall",0,5,6000,"NYJ@BUF","NYJ","BUF","","",NA,NA
"96","20431-6535","WR","Kenny","Kenny Britt","Britt",10.8133331298828,15,6000,"PIT@CLE","CLE","PIT","","",NA,NA
"97","20431-41406","QB","Sefo","Sefo Liufau","Liufau",0,0,6000,"TB@MIA","TB","MIA","","",NA,NA
"98","20431-31170","QB","Brandon","Brandon Allen","Allen",0,0,6000,"JAC@HOU","JAC","HOU","","",NA,NA
"99","20431-45565","QB","Taysom","Taysom Hill","Hill",0,0,6000,"SEA@GB","GB","SEA","","",NA,NA
"100","20431-6679","QB","Matt","Matt Schaub","Schaub",0.146666665871938,3,6000,"ATL@CHI","ATL","CHI","","",NA,NA
"101","20431-6687","QB","Mark","Mark Sanchez","Sanchez",0.759999990463257,2,6000,"ATL@CHI","CHI","ATL","","",NA,NA
"102","20431-23075","QB","Alex","Alex Tanney","Tanney",7.96000003814697,1,6000,"OAK@TEN","TEN","OAK","","",NA,NA
"103","20431-41562","QB","Nick","Nick Mullens","Mullens",0,0,6000,"CAR@SF","SF","CAR","","",NA,NA
"104","20431-47772","QB","Brandon","Brandon Doughty","Doughty",0,0,6000,"TB@MIA","MIA","TB","","",NA,NA
"105","20431-6840","RB","Frank","Frank Gore","Gore",12.1999998092651,16,6000,"IND@LA","IND","LA","","",NA,NA
"106","20431-31421","QB","Zach","Zach Mettenberger","Mettenberger",7.02857153756278,7,6000,"PIT@CLE","PIT","CLE","","",NA,NA
"107","20431-41732","QB","Christian","Christian Hackenberg","Hackenberg",0,0,6000,"NYJ@BUF","NYJ","BUF","","",NA,NA
"108","20431-29445","QB","Sean","Sean Mannion","Mannion",-0.340000003576279,1,6000,"IND@LA","LA","IND","","",NA,NA
"109","20431-27423","QB","Trevor","Trevor Knight","Knight",0,0,6000,"ARI@DET","ARI","DET","","",NA,NA
"110","20431-70446","QB","Joe","Joe Callahan","Callahan",0,0,6000,"SEA@GB","GB","SEA","","",NA,NA
"111","20431-70464","QB","Josh","Josh Woodrum","Woodrum",0,0,6000,"BAL@CIN","BAL","CIN","","",NA,NA
"112","20431-41827","QB","Phillip","Phillip Walker","Walker",0,0,6000,"IND@LA","IND","LA","","",NA,NA
"113","20431-39795","QB","Davis","Davis Webb","Webb",0,0,6000,"NYG@DAL","NYG","DAL","","",NA,NA
"114","20431-29605","QB","Matt","Matt Barkley","Barkley",12.1914280482701,7,6000,"CAR@SF","SF","CAR","","",NA,NA
"115","20431-43956","QB","David","David Fales","Fales",0.879999995231628,1,6000,"TB@MIA","MIA","TB","","",NA,NA
"116","20431-29713","QB","David","David Olson","Olson",0,0,6000,"BAL@CIN","BAL","CIN","","",NA,NA
"117","20431-29715","QB","Kevin","Kevin Hogan","Hogan",6.21999994913737,3,6000,"PIT@CLE","CLE","PIT","","",NA,NA
"118","20431-31798","QB","Bryce","Bryce Petty","Petty",6.54333305358887,6,6000,"NYJ@BUF","NYJ","BUF","","",NA,NA
"119","20431-33884","QB","Dane","Dane Evans","Evans",0,0,6000,"PHI@WAS","PHI","WAS","","",NA,NA
"120","20431-27801","QB","Nate","Nate Sudfeld","Sudfeld",0,0,6000,"PHI@WAS","WAS","PHI","","",NA,NA
"121","20431-29866","RB","Paul","Paul Perkins","Perkins",5.33076946551983,13,6000,"NYG@DAL","NYG","DAL","","",NA,NA
"122","20431-25812","QB","Stephen","Stephen Morris","Morris",0,0,6000,"IND@LA","IND","LA","","",NA,NA
"123","20431-29915","QB","Brett","Brett Hundley","Hundley",-0.129999995231628,4,6000,"SEA@GB","GB","SEA","","",NA,NA
"124","20431-11500","QB","Colt","Colt McCoy","McCoy",8.81999969482422,1,6000,"PHI@WAS","WAS","PHI","","",NA,NA
"125","20431-27982","QB","Jake","Jake Rudock","Rudock",0,0,6000,"ARI@DET","DET","ARI","","",NA,NA
"126","20431-27986","QB","C.J.","C.J. Beathard","Beathard",0,0,6000,"CAR@SF","SF","CAR","","",NA,NA
"127","20431-11615","QB","Joe","Joe Webb","Webb",0.114285715988704,7,6000,"CAR@SF","CAR","SF","","",NA,NA
"128","20431-32158","QB","Garrett","Garrett Gilbert","Gilbert",0,0,6000,"CAR@SF","CAR","SF","","",NA,NA
"129","20431-54705","QB","Dustin","Dustin Vaughan","Vaughan",0,0,6000,"BAL@CIN","BAL","CIN","","",NA,NA
"130","20431-21941","QB","Robert","Robert Griffin III","Griffin III",13.8880004882812,5,6000,"PIT@CLE","CLE","PIT","","",NA,NA
"131","20431-21959","QB","Brandon","Brandon Weeden","Weeden",11.4033330281576,6,6000,"JAC@HOU","HOU","JAC","","",NA,NA
"132","20431-44500","QB","Keith","Keith Wenning","Wenning",0,0,6000,"NYG@DAL","NYG","DAL","","",NA,NA
"133","20431-40407","QB","Joshua","Joshua Dobbs","Dobbs",0,0,6000,"PIT@CLE","PIT","CLE","","",NA,NA
"134","20431-7659","QB","Ryan","Ryan Fitzpatrick","Fitzpatrick",10.7428567068917,14,6000,"TB@MIA","TB","MIA","","",NA,NA
"135","20431-48622","QB","Jerod","Jerod Evans","Evans",0,0,6000,"PHI@WAS","PHI","WAS","","",NA,NA
"136","20431-28163","QB","Connor","Connor Cook","Cook",7,1,6000,"OAK@TEN","OAK","TEN","","",NA,NA
"137","20431-30253","QB","Jeff","Jeff Driskel","Driskel",0,0,6000,"BAL@CIN","CIN","BAL","","",NA,NA
"138","20431-7744","QB","Drew","Drew Stanton","Stanton",2.47600002288818,5,6000,"ARI@DET","ARI","DET","","",NA,NA
"139","20431-7778","QB","Matt","Matt Cassel","Cassel",4.41499996185303,4,6000,"OAK@TEN","TEN","OAK","","",NA,NA
"140","20431-32366","QB","Jameill","Jameill Showers","Showers",0,0,6000,"NYG@DAL","DAL","NYG","","",NA,NA
"141","20431-7844","QB","Chad","Chad Henne","Henne",-0.200000002980232,1,6000,"JAC@HOU","JAC","HOU","","",NA,NA
"142","20431-44715","QB","Cooper","Cooper Rush","Rush",0,0,6000,"NYG@DAL","DAL","NYG","","",NA,NA
"143","20431-32514","QB","Trevone","Trevone Boykin","Boykin",2.22499990463257,4,6000,"SEA@GB","SEA","GB","","",NA,NA
"144","20431-55140","QB","Brad","Brad Kaaya","Kaaya",0,0,6000,"ARI@DET","DET","ARI","","",NA,NA
"145","20431-14194","QB","Blaine","Blaine Gabbert","Gabbert",13.1999994913737,6,6000,"ARI@DET","ARI","DET","","",NA,NA
"146","20431-26483","QB","Geno","Geno Smith","Smith",4.46999979019165,2,6000,"NYG@DAL","NYG","DAL","","",NA,NA
"147","20431-8071","QB","Dan","Dan Orlovsky","Orlovsky",5.51999998092651,2,6000,"IND@LA","LA","IND","","",NA,NA
"148","20431-38817","QB","Tyler","Tyler Ferguson","Ferguson",0,0,6000,"OAK@TEN","TEN","OAK","","",NA,NA
"149","20431-30640","QB","Connor","Connor Shaw","Shaw",0,0,6000,"ATL@CHI","CHI","ATL","","",NA,NA
"150","20431-14267","QB","Ryan","Ryan Mallett","Mallett",-0.140000000596046,4,6000,"BAL@CIN","BAL","CIN","","",NA,NA
"151","20431-31561","WR","Donte","Donte Moncrief","Moncrief",9.73333316379123,9,5900,"IND@LA","IND","LA","","",NA,NA
"152","20431-29780","TE","Zach","Zach Ertz","Ertz",10.3285718645368,14,5900,"PHI@WAS","PHI","WAS","","",NA,NA
"153","20431-14257","WR","Randall","Randall Cobb","Cobb",9.1000002347506,13,5900,"SEA@GB","GB","SEA","","",NA,NA
"154","20431-39280","RB","Derrick","Derrick Henry","Henry",7.08571406773159,14,5800,"OAK@TEN","TEN","OAK","","",NA,NA
"155","20431-27477","WR","Sterling","Sterling Shepard","Shepard",9.49374961853027,16,5800,"NYG@DAL","NYG","DAL","","",NA,NA
"156","20431-33766","RB","Rob","Rob Kelley","Kelley",9.04285703386579,14,5800,"PHI@WAS","WAS","PHI","","",NA,NA
"157","20431-52451","RB","Samaje","Samaje Perine","Perine",0,0,5800,"PHI@WAS","WAS","PHI","","",NA,NA
"158","20431-7806","RB","Darren","Darren McFadden","McFadden",3.96666653951009,3,5800,"NYG@DAL","DAL","NYG","","",NA,NA
"159","20431-6448","TE","Martellus","Martellus Bennett","Bennett",8.78750038146973,16,5700,"SEA@GB","GB","SEA","","",NA,NA
"160","20431-6607","WR","Mike","Mike Wallace","Wallace",10.4250001907349,16,5700,"BAL@CIN","BAL","CIN","","",NA,NA
"161","20431-31732","WR","Corey","Corey Coleman","Coleman",7.68000030517578,10,5700,"PIT@CLE","CLE","PIT","","",NA,NA
"162","20431-29685","WR","Robert","Robert Woods","Woods",7.18461550199069,13,5700,"IND@LA","LA","IND","","",NA,NA
"163","20431-28095","RB","Thomas","Thomas Rawls","Rawls",7.66666666666667,9,5700,"SEA@GB","SEA","GB","","",NA,NA
"164","20431-31871","RB","Charles","Charles Sims","Sims",7.98571450369699,7,5600,"TB@MIA","TB","MIA","","",NA,NA
"165","20431-25837","RB","Duke","Duke Johnson Jr.","Johnson Jr.",7.35624980926514,16,5600,"PIT@CLE","CLE","PIT","","",NA,NA
"166","20431-38514","WR","Kevin","Kevin White","White",7.27500009536743,4,5600,"ATL@CHI","CHI","ATL","","",NA,NA
"167","20431-22288","WR","Cole","Cole Beasley","Beasley",9.46875,16,5600,"NYG@DAL","DAL","NYG","","",NA,NA
"168","20431-14349","WR","Jeremy","Jeremy Kerley","Kerley",7.16874980926514,16,5500,"CAR@SF","SF","CAR","","",NA,NA
"169","20431-31397","RB","Jeremy","Jeremy Hill","Hill",11.0533335367839,15,5500,"BAL@CIN","CIN","BAL","","",NA,NA
"170","20431-25272","TE","Eric","Eric Ebron","Ebron",8.74615361140325,13,5500,"ARI@DET","DET","ARI","","",NA,NA
"171","20431-25290","RB","Giovani","Giovani Bernard","Bernard",10.2800003051758,10,5500,"BAL@CIN","CIN","BAL","","",NA,NA
"172","20431-7972","RB","Darren","Darren Sproles","Sproles",9.1,15,5500,"PHI@WAS","PHI","WAS","","",NA,NA
"173","20431-24891","RB","Chris","Chris Thompson","Thompson",7.6875,16,5400,"PHI@WAS","WAS","PHI","","",NA,NA
"174","20431-39286","TE","O.J.","O.J. Howard","Howard",0,0,5400,"TB@MIA","TB","MIA","","",NA,NA
"175","20431-6641","TE","Jason","Jason Witten","Witten",7.36250019073486,16,5400,"NYG@DAL","DAL","NYG","","",NA,NA
"176","20431-33578","RB","Jalen","Jalen Richard","Richard",6.3125,16,5400,"OAK@TEN","OAK","TEN","","",NA,NA
"177","20431-32243","WR","Marquise","Marquise Goodwin","Goodwin",5.39999989100865,14,5400,"CAR@SF","SF","CAR","","",NA,NA
"178","20431-61943","RB","Joe","Joe Williams","Williams",0,0,5300,"CAR@SF","SF","CAR","","",NA,NA
"179","20431-14905","WR","Kamar","Kamar Aiken","Aiken",3.33124995231628,16,5300,"IND@LA","IND","LA","","",NA,NA
"180","20431-45631","RB","Jamaal","Jamaal Williams","Williams",0,0,5300,"SEA@GB","GB","SEA","","",NA,NA
"181","20431-33472","RB","C.J.","C.J. Prosise","Prosise",8.75,6,5300,"SEA@GB","SEA","GB","","",NA,NA
"182","20431-30733","WR","Cordarrelle","Cordarrelle Patterson","Patterson",5.84999990463257,16,5200,"OAK@TEN","OAK","TEN","","",NA,NA
"183","20431-41475","WR","John","John Ross","Ross",0,0,5200,"BAL@CIN","CIN","BAL","","",NA,NA
"184","20431-31406","RB","Alfred","Alfred Blue","Blue",4,14,5200,"JAC@HOU","HOU","JAC","","",NA,NA
"185","20431-39818","RB","Wayne","Wayne Gallman","Gallman",0,0,5200,"NYG@DAL","NYG","DAL","","",NA,NA
"186","20431-27908","TE","C.J.","C.J. Fiedorowicz","Fiedorowicz",7.12666676839193,15,5200,"JAC@HOU","HOU","JAC","","",NA,NA
"187","20431-54623","WR","Jeff","Jeff Janis","Janis",2.55000003178914,12,5200,"SEA@GB","GB","SEA","","",NA,NA
"188","20431-34154","WR","J.J.","J.J. Nelson","Nelson",8.72142846243722,14,5200,"ARI@DET","ARI","DET","","",NA,NA
"189","20431-21957","WR","Kendall","Kendall Wright","Wright",6.87272713401101,11,5200,"ATL@CHI","CHI","ATL","","",NA,NA
"190","20431-54741","WR","Seth","Seth Roberts","Roberts",5.79374980926514,16,5200,"OAK@TEN","OAK","TEN","","",NA,NA
"191","20431-54782","TE","Cameron","Cameron Brate","Brate",9.5,15,5200,"TB@MIA","TB","MIA","","",NA,NA
"192","20431-22113","RB","Alfred","Alfred Morris","Morris",2.77857153756278,14,5200,"NYG@DAL","DAL","NYG","","",NA,NA
"193","20431-26251","WR","Robby","Robby Anderson","Anderson",6.70714296613421,14,5200,"NYJ@BUF","NYJ","BUF","","",NA,NA
"194","20431-32613","RB","DeAndre","DeAndre Washington","Washington",5.8999997652494,13,5200,"OAK@TEN","OAK","TEN","","",NA,NA
"195","20431-24671","WR","Adam","Adam Humphries","Humphries",7.03333333333333,15,5100,"TB@MIA","TB","MIA","","",NA,NA
"196","20431-12556","D","Houston","Houston Texans","Texans",6,16,5100,"JAC@HOU","HOU","JAC","","",NA,NA
"197","20431-41305","WR","Zay","Zay Jones","Jones",0,0,5100,"NYJ@BUF","BUF","NYJ","","",NA,NA
"198","20431-31073","RB","Knile","Knile Davis","Davis",0.866666687859429,9,5100,"PIT@CLE","PIT","CLE","","",NA,NA
"199","20431-33691","RB","Orleans","Orleans Darkwa","Darkwa",6.32499980926514,4,5100,"NYG@DAL","NYG","DAL","","",NA,NA
"200","20431-39859","TE","Jack","Jack Doyle","Doyle",7.24375009536743,16,5100,"IND@LA","IND","LA","","",NA,NA
"201","20431-54244","WR","Kenny","Kenny Golladay","Golladay",0,0,5100,"ARI@DET","DET","ARI","","",NA,NA
"202","20431-31836","WR","Terrance","Terrance Williams","Williams",6.89333343505859,15,5100,"NYG@DAL","DAL","NYG","","",NA,NA
"203","20431-42095","WR","ArDarius","ArDarius Stewart","Stewart",0,0,5100,"NYJ@BUF","NYJ","BUF","","",NA,NA
"204","20431-11495","WR","Brandon","Brandon LaFell","LaFell",9.625,16,5100,"BAL@CIN","CIN","BAL","","",NA,NA
"205","20431-28030","RB","Fitzgerald","Fitzgerald Toussaint","Toussaint",0.96363639831543,11,5100,"PIT@CLE","PIT","CLE","","",NA,NA
"206","20431-28080","WR","Devin","Devin Funchess","Funchess",5.32857131958008,14,5100,"CAR@SF","CAR","SF","","",NA,NA
"207","20431-22048","RB","Robert","Robert Turbin","Turbin",6.35333353678385,15,5100,"IND@LA","IND","LA","","",NA,NA
"208","20431-22219","WR","Jermaine","Jermaine Kearse","Kearse",4.84375,16,5100,"SEA@GB","SEA","GB","","",NA,NA
"209","20431-14245","RB","Shane","Shane Vereen","Vereen",6.54000015258789,5,5100,"NYG@DAL","NYG","DAL","","",NA,NA
"210","20431-14288","WR","Torrey","Torrey Smith","Smith",4.55833339691162,12,5100,"PHI@WAS","PHI","WAS","","",NA,NA
"211","20431-14372","WR","Aldrick","Aldrick Robinson","Robinson",4.17692301823543,13,5000,"CAR@SF","SF","CAR","","",NA,NA
"212","20431-31061","RB","T.J.","T.J. Yeldon","Yeldon",7.51333312988281,15,5000,"JAC@HOU","JAC","HOU","","",NA,NA
"213","20431-39373","WR","Jaelen","Jaelen Strong","Strong",3.35000006357829,6,5000,"JAC@HOU","HOU","JAC","","",NA,NA
"214","20431-23045","K","Justin","Justin Tucker","Tucker",10.9375,16,5000,"BAL@CIN","BAL","CIN","","",NA,NA
"215","20431-55830","RB","D'Onta","D'Onta Foreman","Foreman",0,0,5000,"JAC@HOU","HOU","JAC","","",NA,NA
"216","20431-79970","WR","Cooper","Cooper Kupp","Kupp",0,0,4900,"IND@LA","LA","IND","","",NA,NA
"217","20431-12553","D","Carolina","Carolina Panthers","Panthers",8,16,4900,"CAR@SF","CAR","SF","","",NA,NA
"218","20431-10647","K","Matt","Matt Bryant","Bryant",11.1875,16,4900,"ATL@CHI","ATL","CHI","","",NA,NA
"219","20431-14952","K","Dan","Dan Bailey","Bailey",8.75,16,4900,"NYG@DAL","DAL","NYG","","",NA,NA
"220","20431-47780","WR","Taywan","Taywan Taylor","Taylor",0,0,4900,"OAK@TEN","TEN","OAK","","",NA,NA
"221","20431-41872","TE","Evan","Evan Engram","Engram",0,0,4900,"NYG@DAL","NYG","DAL","","",NA,NA
"222","20431-29683","WR","Nelson","Nelson Agholor","Agholor",4.66000010172526,15,4900,"PHI@WAS","PHI","WAS","","",NA,NA
"223","20431-7761","TE","Jared","Jared Cook","Cook",5.67000007629395,10,4900,"OAK@TEN","OAK","TEN","","",NA,NA
"224","20431-7870","TE","Benjamin","Benjamin Watson","Watson",9.59375,16,4900,"BAL@CIN","BAL","CIN","","",NA,NA
"225","20431-12547","D","Pittsburgh","Pittsburgh Steelers","Steelers",6.6875,16,4800,"PIT@CLE","PIT","CLE","","",NA,NA
"226","20431-24912","K","Dustin","Dustin Hopkins","Hopkins",9.4375,16,4800,"PHI@WAS","WAS","PHI","","",NA,NA
"227","20431-22938","WR","Rod","Rod Streater","Streater",3.08461526724008,13,4800,"NYJ@BUF","BUF","NYJ","","",NA,NA
"228","20431-6566","RB","Chris","Chris Johnson","Johnson",3.875,4,4800,"ARI@DET","ARI","DET","","",NA,NA
"229","20431-39428","RB","Kyle","Kyle Juszczyk","Juszczyk",3.45624995231628,16,4800,"CAR@SF","SF","CAR","","",NA,NA
"230","20431-6668","K","Adam","Adam Vinatieri","Vinatieri",9.3125,16,4800,"IND@LA","IND","LA","","",NA,NA
"231","20431-6724","K","Steven","Steven Hauschka","Hauschka",8.625,16,4800,"NYJ@BUF","BUF","NYJ","","",NA,NA
"232","20431-55987","WR","JuJu","JuJu Smith-Schuster","Smith-Schuster",0,0,4800,"PIT@CLE","PIT","CLE","","",NA,NA
"233","20431-6897","K","Mason","Mason Crosby","Crosby",8.0625,16,4800,"SEA@GB","GB","SEA","","",NA,NA
"234","20431-62616","RB","Zach","Zach Zenner","Zenner",7.63636363636364,11,4800,"ARI@DET","DET","ARI","","",NA,NA
"235","20431-9442","WR","Brandon","Brandon Tate","Tate",1.36666666666667,15,4800,"NYJ@BUF","BUF","NYJ","","",NA,NA
"236","20431-11532","TE","Dennis","Dennis Pitta","Pitta",7.86875009536743,16,4800,"BAL@CIN","BAL","CIN","","",NA,NA
"237","20431-32058","K","Chris","Chris Boswell","Boswell",7.33333333333333,15,4800,"PIT@CLE","PIT","CLE","","",NA,NA
"238","20431-56648","RB","Jeremy","Jeremy McNichols","McNichols",0,0,4800,"TB@MIA","TB","MIA","","",NA,NA
"239","20431-40442","RB","Aaron","Aaron Jones","Jones",0,0,4800,"SEA@GB","GB","SEA","","",NA,NA
"240","20431-22018","WR","Mohamed","Mohamed Sanu","Sanu",7.95333353678385,15,4800,"ATL@CHI","ATL","CHI","","",NA,NA
"241","20431-7831","K","Sebastian","Sebastian Janikowski","Janikowski",9.33333333333333,15,4800,"OAK@TEN","OAK","TEN","","",NA,NA
"242","20431-7975","RB","Mike","Mike Tolbert","Tolbert",1.97333335876465,15,4800,"NYJ@BUF","BUF","NYJ","","",NA,NA
"243","20431-10030","WR","Harry","Harry Douglas","Douglas",4.07142857142857,7,4800,"OAK@TEN","TEN","OAK","","",NA,NA
"244","20431-28694","TE","Jesse","Jesse James","James",4.45625019073486,16,4700,"PIT@CLE","PIT","CLE","","",NA,NA
"245","20431-32804","WR","Dres","Dres Anderson","Anderson",0,0,4700,"JAC@HOU","HOU","JAC","","",NA,NA
"246","20431-65589","WR","Michael","Michael Clark","Clark",0,0,4700,"SEA@GB","GB","SEA","","",NA,NA
"247","20431-30775","WR","Justin","Justin Hunter","Hunter",5.32222239176432,9,4700,"PIT@CLE","PIT","CLE","","",NA,NA
"248","20431-53303","RB","Matt","Matt Breida","Breida",0,0,4700,"CAR@SF","SF","CAR","","",NA,NA
"249","20431-24682","RB","Andre","Andre Ellington","Ellington",1.72142859867641,14,4700,"ARI@DET","ARI","DET","","",NA,NA
"250","20431-32918","WR","Jordan","Jordan Leslie","Leslie",0,0,4700,"PIT@CLE","CLE","PIT","","",NA,NA
"251","20431-12525","D","Atlanta","Atlanta Falcons","Falcons",7.0625,16,4700,"ATL@CHI","ATL","CHI","","",NA,NA
"252","20431-12526","D","Buffalo","Buffalo Bills","Bills",6.5625,16,4700,"NYJ@BUF","BUF","NYJ","","",NA,NA
"253","20431-12537","D","Oakland","Oakland Raiders","Raiders",6.0625,16,4700,"OAK@TEN","OAK","TEN","","",NA,NA
"254","20431-33047","WR","Chris","Chris Moore","Moore",0.769230769230769,13,4700,"BAL@CIN","BAL","CIN","","",NA,NA
"255","20431-14757","RB","Matt","Matt Asiata","Asiata",7.28125,16,4700,"ARI@DET","DET","ARI","","",NA,NA
"256","20431-14761","WR","Andre","Andre Holmes","Holmes",2.68571417672294,14,4700,"NYJ@BUF","BUF","NYJ","","",NA,NA
"257","20431-33244","WR","Eli","Eli Rogers","Rogers",7.84615384615385,13,4700,"PIT@CLE","PIT","CLE","","",NA,NA
"258","20431-10744","K","Graham","Graham Gano","Gano",8.8125,16,4700,"CAR@SF","CAR","SF","","",NA,NA
"259","20431-31329","WR","Russell","Russell Shepard","Shepard",4.875,12,4700,"CAR@SF","CAR","SF","","",NA,NA
"260","20431-6782","K","Matt","Matt Prater","Prater",9.25,16,4700,"ARI@DET","DET","ARI","","",NA,NA
"261","20431-33424","WR","Mose","Mose Frazier","Frazier",0,0,4700,"CAR@SF","CAR","SF","","",NA,NA
"262","20431-39649","RB","Benny","Benny Cunningham","Cunningham",2.4727273420854,11,4700,"ATL@CHI","CHI","ATL","","",NA,NA
"263","20431-27368","WR","Brandon","Brandon Reilly","Reilly",0,0,4700,"NYJ@BUF","BUF","NYJ","","",NA,NA
"264","20431-33703","WR","Ryan","Ryan Grant","Grant",1.10000003467907,11,4700,"PHI@WAS","WAS","PHI","","",NA,NA
"265","20431-29645","RB","Javorius","Javorius Allen","Allen",2.13333336512248,3,4700,"BAL@CIN","BAL","CIN","","",NA,NA
"266","20431-27692","RB","Josh","Josh Ferguson","Ferguson",1.96923079857459,13,4700,"IND@LA","IND","LA","","",NA,NA
"267","20431-25775","TE","Clive","Clive Walford","Walford",4.69333343505859,15,4700,"OAK@TEN","OAK","TEN","","",NA,NA
"268","20431-40126","TE","Austin","Austin Hooper","Hooper",4.9636362249201,11,4700,"ATL@CHI","ATL","CHI","","",NA,NA
"269","20431-32045","TE","Vance","Vance McDonald","McDonald",7.50999984741211,10,4700,"CAR@SF","SF","CAR","","",NA,NA
"270","20431-38269","RB","Cameron","Cameron Artis-Payne","Artis-Payne",9.33333333333333,3,4700,"CAR@SF","CAR","SF","","",NA,NA
"271","20431-21972","WR","Brian","Brian Quick","Quick",5.93125009536743,16,4700,"PHI@WAS","WAS","PHI","","",NA,NA
"272","20431-30244","RB","Matt","Matt Jones","Jones",10.1857147216797,7,4700,"PHI@WAS","WAS","PHI","","",NA,NA
"273","20431-7784","WR","Darrius","Darrius Heyward-Bey","Heyward-Bey",5.48571450369699,7,4700,"PIT@CLE","PIT","CLE","","",NA,NA
"274","20431-40669","WR","Tyler","Tyler Boyd","Boyd",6.06874990463257,16,4700,"BAL@CIN","CIN","BAL","","",NA,NA
"275","20431-11999","WR","Victor","Victor Cruz","Cruz",5.86428560529436,14,4700,"ATL@CHI","CHI","ATL","","",NA,NA
"276","20431-12090","K","Nick","Nick Novak","Novak",9.4,15,4700,"JAC@HOU","HOU","JAC","","",NA,NA
"277","20431-53097","WR","Josh","Josh Reynolds","Reynolds",0,0,4700,"IND@LA","LA","IND","","",NA,NA
"278","20431-24569","K","Chandler","Chandler Catanzaro","Catanzaro",7.375,16,4700,"NYJ@BUF","NYJ","BUF","","",NA,NA
"279","20431-14362","TE","Charles","Charles Clay","Clay",7.17999979654948,15,4600,"NYJ@BUF","BUF","NYJ","","",NA,NA
"280","20431-12528","D","Cincinnati","Cincinnati Bengals","Bengals",6.125,16,4600,"BAL@CIN","CIN","BAL","","",NA,NA
"281","20431-12530","D","Dallas","Dallas Cowboys","Cowboys",5.6875,16,4600,"NYG@DAL","DAL","NYG","","",NA,NA
"282","20431-12538","D","Los Angeles","Los Angeles Rams","Rams",5.8125,16,4600,"IND@LA","LA","IND","","",NA,NA
"283","20431-12546","D","Arizona","Arizona Cardinals","Cardinals",9.3125,16,4600,"ARI@DET","ARI","DET","","",NA,NA
"284","20431-12552","D","Washington","Washington Redskins","Redskins",6.125,16,4600,"PHI@WAS","WAS","PHI","","",NA,NA
"285","20431-6422","TE","Gary","Gary Barnidge","Barnidge",6.41874980926514,16,4600,"PIT@CLE","CLE","PIT","","",NA,NA
"286","20431-6479","WR","Anquan","Anquan Boldin","Boldin",8.74374961853027,16,4600,"NYJ@BUF","BUF","NYJ","","",NA,NA
"287","20431-37245","RB","Fozzy","Fozzy Whittaker","Whittaker",3.72499990463257,16,4600,"CAR@SF","CAR","SF","","",NA,NA
"288","20431-22958","RB","Bobby","Bobby Rainey","Rainey",2.69090912558816,11,4600,"BAL@CIN","BAL","CIN","","",NA,NA
"289","20431-80353","TE","Robert","Robert Tonyan Jr.","Tonyan Jr.",0,0,4600,"ARI@DET","DET","ARI","","",NA,NA
"290","20431-55779","RB","Stanley","Stanley Williams","Williams",0,0,4600,"BAL@CIN","CIN","BAL","","",NA,NA
"291","20431-6636","K","Mike","Mike Nugent","Nugent",7.46153846153846,13,4600,"NYG@DAL","NYG","DAL","","",NA,NA
"292","20431-80364","WR","Shaq","Shaq Hill","Hill",0,0,4600,"TB@MIA","TB","MIA","","",NA,NA
"293","20431-6664","TE","Jacob","Jacob Tamme","Tamme",6.25,8,4600,"ATL@CHI","ATL","CHI","","",NA,NA
"294","20431-6767","K","Ryan","Ryan Succop","Succop",7.4375,16,4600,"OAK@TEN","TEN","OAK","","",NA,NA
"295","20431-33552","WR","TJ","TJ Jones","Jones",3.93333339691162,3,4600,"ARI@DET","DET","ARI","","",NA,NA
"296","20431-33571","RB","George","George Atkinson III","Atkinson III",1.17499995231628,8,4600,"OAK@TEN","OAK","TEN","","",NA,NA
"297","20431-43973","RB","Keith","Keith Smith","Smith",1,4,4600,"NYG@DAL","DAL","NYG","","",NA,NA
"298","20431-29832","WR","Kenneth","Kenneth Walker III","Walker III",0,0,4600,"JAC@HOU","JAC","HOU","","",NA,NA
"299","20431-11431","TE","Jermaine","Jermaine Gresham","Gresham",4.34999990463257,16,4600,"ARI@DET","ARI","DET","","",NA,NA
"300","20431-44280","WR","JoJo","JoJo Natson Jr.","Natson Jr.",0,0,4600,"IND@LA","IND","LA","","",NA,NA
"301","20431-34051","WR","Deshon","Deshon Foxx","Foxx",0,0,4600,"NYJ@BUF","NYJ","BUF","","",NA,NA
"302","20431-34071","WR","Nick","Nick Williams","Williams",4.19999980926514,2,4600,"ATL@CHI","ATL","CHI","","",NA,NA
"303","20431-22002","WR","Trevor","Trevor Graham","Graham",1.46666669845581,3,4600,"CAR@SF","CAR","SF","","",NA,NA
"304","20431-40434","WR","Greg","Greg Ward Jr.","Ward Jr.",0,0,4600,"PHI@WAS","PHI","WAS","","",NA,NA
"305","20431-22003","RB","Ronnie","Ronnie Hillman","Hillman",3.23749995231628,8,4600,"NYG@DAL","DAL","NYG","","",NA,NA
"306","20431-22047","TE","Ladarius","Ladarius Green","Green",7.56666692097982,6,4600,"PIT@CLE","PIT","CLE","","",NA,NA
"307","20431-30249","WR","Frankie","Frankie Hammond Jr.","Hammond Jr.",-0.4,5,4600,"NYJ@BUF","NYJ","BUF","","",NA,NA
"308","20431-30261","K","Caleb","Caleb Sturgis","Sturgis",9.375,16,4600,"PHI@WAS","PHI","WAS","","",NA,NA
"309","20431-81487","TE","Adam","Adam Zaruba","Zaruba",0,0,4600,"PHI@WAS","PHI","WAS","","",NA,NA
"310","20431-22100","K","Randy","Randy Bullock","Bullock",7,5,4600,"BAL@CIN","CIN","BAL","","",NA,NA
"311","20431-30297","TE","Trey","Trey Burton","Burton",4.08571434020996,14,4600,"PHI@WAS","PHI","WAS","","",NA,NA
"312","20431-38508","WR","Daikiel","Daikiel Shorts Jr.","Shorts Jr.",0,0,4600,"NYJ@BUF","BUF","NYJ","","",NA,NA
"313","20431-32401","WR","EZ","EZ Nwachukwu","Nwachukwu",0,0,4600,"NYG@DAL","DAL","NYG","","",NA,NA
"314","20431-28437","RB","Danny","Danny Vitale","Vitale",0.939999961853027,5,4600,"PIT@CLE","CLE","PIT","","",NA,NA
"315","20431-24589","WR","Jaron","Jaron Brown","Brown",5.03333346048991,6,4500,"ARI@DET","ARI","DET","","",NA,NA
"316","20431-40977","TE","Ricky","Ricky Seals-Jones","Seals-Jones",0,0,4500,"ARI@DET","ARI","DET","","",NA,NA
"317","20431-53266","WR","BJ","BJ Johnson III","Johnson III",0,0,4500,"CAR@SF","SF","CAR","","",NA,NA
"318","20431-14355","TE","Niles","Niles Paul","Paul",1.85000002384186,2,4500,"PHI@WAS","WAS","PHI","","",NA,NA
"319","20431-30739","WR","Alton","Alton Howard","Howard",0,0,4500,"ATL@CHI","CHI","ATL","","",NA,NA
"320","20431-14358","WR","Dwayne","Dwayne Harris","Harris",0.362500011920929,16,4500,"NYG@DAL","NYG","DAL","","",NA,NA
"321","20431-61469","RB","Kalif","Kalif Phillips","Phillips",0,0,4500,"SEA@GB","GB","SEA","","",NA,NA
"322","20431-14369","RB","Jordan","Jordan Todman","Todman",0.991666634877523,12,4500,"NYJ@BUF","NYJ","BUF","","",NA,NA
"323","20431-55335","TE","David","David Njoku","Njoku",0,0,4500,"PIT@CLE","CLE","PIT","","",NA,NA
"324","20431-53288","WR","Montay","Montay Crockett","Crockett",0,0,4500,"SEA@GB","GB","SEA","","",NA,NA
"325","20431-24621","WR","Charone","Charone Peake","Peake",3.09999986128374,11,4500,"NYJ@BUF","NYJ","BUF","","",NA,NA
"326","20431-28721","RB","Brandon","Brandon Cottom","Cottom",0,0,4500,"SEA@GB","SEA","GB","","",NA,NA
"327","20431-79920","WR","Cyril","Cyril Grayson","Grayson",0,0,4500,"SEA@GB","SEA","GB","","",NA,NA
"328","20431-61502","WR","Austin","Austin Duke","Duke",0,0,4500,"CAR@SF","CAR","SF","","",NA,NA
"329","20431-30787","TE","Alex","Alex Ellis","Ellis",0.866666634877523,3,4500,"JAC@HOU","JAC","HOU","","",NA,NA
"330","20431-28744","RB","Raheem","Raheem Mostert","Mostert",0.600000023841858,1,4500,"CAR@SF","SF","CAR","","",NA,NA
"331","20431-30800","TE","Jason","Jason Croom","Croom",0,0,4500,"NYJ@BUF","BUF","NYJ","","",NA,NA
"332","20431-79967","TE","Adam","Adam Shaheen","Shaheen",0,0,4500,"ATL@CHI","CHI","ATL","","",NA,NA
"333","20431-79974","RB","Tarik","Tarik Cohen","Cohen",0,0,4500,"ATL@CHI","CHI","ATL","","",NA,NA
"334","20431-79980","TE","Eric","Eric Saubert","Saubert",0,0,4500,"ATL@CHI","ATL","CHI","","",NA,NA
"335","20431-79982","RB","Alex","Alex Armah","Armah",0,0,4500,"CAR@SF","CAR","SF","","",NA,NA
"336","20431-79987","WR","David","David Moore","Moore",0,0,4500,"SEA@GB","SEA","GB","","",NA,NA
"337","20431-30841","WR","Jonathan","Jonathan Krause","Krause",1.04999995231628,2,4500,"OAK@TEN","TEN","OAK","","",NA,NA
"338","20431-79998","WR","Keelan","Keelan Cole","Cole",0,0,4500,"JAC@HOU","JAC","HOU","","",NA,NA
"339","20431-53377","WR","Larry","Larry Pinkard","Pinkard",0,0,4500,"JAC@HOU","JAC","HOU","","",NA,NA
"340","20431-80007","RB","Tyler","Tyler Renew","Renew",0,0,4500,"ATL@CHI","ATL","CHI","","",NA,NA
"341","20431-28807","TE","Gabe","Gabe Holmes","Holmes",0,0,4500,"OAK@TEN","OAK","TEN","","",NA,NA
"342","20431-80011","TE","Antony","Antony Auclair","Auclair",0,0,4500,"TB@MIA","TB","MIA","","",NA,NA
"343","20431-24718","WR","Max","Max McCaffrey","McCaffrey",0,0,4500,"SEA@GB","GB","SEA","","",NA,NA
"344","20431-53390","WR","Zach","Zach Pascal","Pascal",0,0,4500,"PHI@WAS","WAS","PHI","","",NA,NA
"345","20431-28815","RB","Akeem","Akeem Hunt","Hunt",1.91250002384186,8,4500,"JAC@HOU","HOU","JAC","","",NA,NA
"346","20431-28827","RB","Dare","Dare Ogunbowale","Ogunbowale",0,0,4500,"JAC@HOU","HOU","JAC","","",NA,NA
"347","20431-80029","TE","Steven","Steven Wroblewski","Wroblewski",0,0,4500,"IND@LA","IND","LA","","",NA,NA
"348","20431-80030","WR","Krishawn","Krishawn Hogan","Hogan",0,0,4500,"ARI@DET","ARI","DET","","",NA,NA
"349","20431-28850","TE","Manasseh","Manasseh Garner","Garner",0,0,4500,"PHI@WAS","WAS","PHI","","",NA,NA
"350","20431-32957","TE","Eric","Eric Tomlinson","Tomlinson",0,0,4500,"NYJ@BUF","NYJ","BUF","","",NA,NA
"351","20431-41155","RB","Taquan","Taquan Mizzell","Mizzell",0,0,4500,"BAL@CIN","BAL","CIN","","",NA,NA
"352","20431-41163","WR","Keeon","Keeon Johnson","Johnson",0,0,4500,"NYG@DAL","NYG","DAL","","",NA,NA
"353","20431-57556","TE","Jerome","Jerome Cunningham","Cunningham",1.64999993642171,6,4500,"OAK@TEN","TEN","OAK","","",NA,NA
"354","20431-45278","WR","Bernard","Bernard Reedy","Reedy",0,0,4500,"TB@MIA","TB","MIA","","",NA,NA
"355","20431-22754","TE","Garrett","Garrett Celek","Celek",5.03846153846154,13,4500,"CAR@SF","SF","CAR","","",NA,NA
"356","20431-28907","WR","Alex","Alex Erickson","Erickson",0.631250023841858,16,4500,"BAL@CIN","CIN","BAL","","",NA,NA
"357","20431-30955","WR","Josh","Josh Magee","Magee",0,0,4500,"ATL@CHI","ATL","CHI","","",NA,NA
"358","20431-24812","WR","Rodney","Rodney Smith","Smith",0,0,4500,"SEA@GB","SEA","GB","","",NA,NA
"359","20431-24817","TE","Nick","Nick O'Leary","O'Leary",1.62727269259366,11,4500,"NYJ@BUF","BUF","NYJ","","",NA,NA
"360","20431-39153","TE","Ifeanyi","Ifeanyi Momah","Momah",2,3,4500,"ARI@DET","ARI","DET","","",NA,NA
"361","20431-45299","RB","David","David Fluellen","Fluellen",0,0,4500,"OAK@TEN","TEN","OAK","","",NA,NA
"362","20431-33013","RB","Tion","Tion Green","Green",0,0,4500,"ARI@DET","DET","ARI","","",NA,NA
"363","20431-12534","D","Tennessee","Tennessee Titans","Titans",6.125,16,4500,"OAK@TEN","TEN","OAK","","",NA,NA
"364","20431-43260","TE","Darion","Darion Griswold","Griswold",0,0,4500,"ATL@CHI","ATL","CHI","","",NA,NA
"365","20431-45309","WR","Alonzo","Alonzo Russell","Russell",0,0,4500,"BAL@CIN","CIN","BAL","","",NA,NA
"366","20431-12543","D","New York","New York Giants","Giants",8.9375,16,4500,"NYG@DAL","NYG","DAL","","",NA,NA
"367","20431-12545","D","Philadelphia","Philadelphia Eagles","Eagles",9.125,16,4500,"PHI@WAS","PHI","WAS","","",NA,NA
"368","20431-28933","WR","Jared","Jared Abbrederis","Abbrederis",0.649999976158142,2,4500,"ARI@DET","DET","ARI","","",NA,NA
"369","20431-12550","D","Seattle","Seattle Seahawks","Seahawks",7.4375,16,4500,"SEA@GB","SEA","GB","","",NA,NA
"370","20431-12551","D","Tampa Bay","Tampa Bay Buccaneers","Buccaneers",8.3125,16,4500,"TB@MIA","TB","MIA","","",NA,NA
"371","20431-30990","RB","Jalston","Jalston Fowler","Fowler",0.733333349227905,3,4500,"OAK@TEN","TEN","OAK","","",NA,NA
"372","20431-24847","TE","Will","Will Tye","Tye",4.34375,16,4500,"NYG@DAL","NYG","DAL","","",NA,NA
"373","20431-22800","RB","Derrick","Derrick Coleman","Coleman",0.740000009536743,5,4500,"ATL@CHI","ATL","CHI","","",NA,NA
"374","20431-41235","K","Jake","Jake Elliott","Elliott",0,0,4500,"BAL@CIN","CIN","BAL","","",NA,NA
"375","20431-45335","TE","Michael","Michael Roberts","Roberts",0,0,4500,"ARI@DET","DET","ARI","","",NA,NA
"376","20431-6427","K","Connor","Connor Barth","Barth",5.625,16,4500,"ATL@CHI","CHI","ATL","","",NA,NA
"377","20431-53532","WR","Roger","Roger Lewis","Lewis",2.80000008477105,9,4500,"NYG@DAL","NYG","DAL","","",NA,NA
"378","20431-41247","RB","William","William Stanback","Stanback",0,0,4500,"SEA@GB","GB","SEA","","",NA,NA
"379","20431-31018","RB","Blake","Blake Sims","Sims",0,0,4500,"TB@MIA","TB","MIA","","",NA,NA
"380","20431-24882","K","Roberto","Roberto Aguayo","Aguayo",6.375,16,4500,"ATL@CHI","CHI","ATL","","",NA,NA
"381","20431-31036","WR","Kevin","Kevin Norwood","Norwood",0,1,4500,"NYG@DAL","NYG","DAL","","",NA,NA
"382","20431-22849","TE","Cory","Cory Harkey","Harkey",0.849999984105428,6,4500,"IND@LA","LA","IND","","",NA,NA
"383","20431-43334","RB","J.D.","J.D. McKissic","McKissic",2.79999995231628,1,4500,"SEA@GB","SEA","GB","","",NA,NA
"384","20431-55633","WR","Travis","Travis Rudolph","Rudolph",0,0,4500,"NYG@DAL","NYG","DAL","","",NA,NA
"385","20431-55635","WR","Chris","Chris Godwin","Godwin",0,0,4500,"TB@MIA","TB","MIA","","",NA,NA
"386","20431-14683","RB","Patrick","Patrick DiMarco","DiMarco",1.63333331214057,9,4500,"NYJ@BUF","BUF","NYJ","","",NA,NA
"387","20431-33137","WR","Justin","Justin Hardy","Hardy",4.21538455669697,13,4500,"ATL@CHI","ATL","CHI","","",NA,NA
"388","20431-31093","WR","Javontee","Javontee Herndon","Herndon",3.84999990463257,8,4500,"NYG@DAL","DAL","NYG","","",NA,NA
"389","20431-31097","WR","Keon","Keon Hatcher","Hatcher",0,0,4500,"OAK@TEN","OAK","TEN","","",NA,NA
"390","20431-22920","TE","Derek","Derek Carrier","Carrier",1,2,4500,"PHI@WAS","WAS","PHI","","",NA,NA
"391","20431-53645","RB","Elijah","Elijah Hood","Hood",0,0,4500,"OAK@TEN","OAK","TEN","","",NA,NA
"392","20431-43416","WR","Trent","Trent Taylor","Taylor",0,0,4500,"CAR@SF","SF","CAR","","",NA,NA
"393","20431-80281","WR","C.J.","C.J. Board","Board",0,0,4500,"BAL@CIN","BAL","CIN","","",NA,NA
"394","20431-41370","WR","Trevor","Trevor Davis","Davis",0.987500011920929,8,4500,"SEA@GB","GB","SEA","","",NA,NA
"395","20431-41371","RB","Khalfani","Khalfani Muhammad","Muhammad",0,0,4500,"OAK@TEN","TEN","OAK","","",NA,NA
"396","20431-80282","RB","Dalton","Dalton Crossan","Crossan",0,0,4500,"IND@LA","IND","LA","","",NA,NA
"397","20431-29084","WR","Rashad","Rashad Ross","Ross",0.649999976158142,2,4500,"NYJ@BUF","BUF","NYJ","","",NA,NA
"398","20431-80289","WR","Kendrick","Kendrick Bourne","Bourne",0,0,4500,"CAR@SF","SF","CAR","","",NA,NA
"399","20431-6567","TE","David","David Johnson","Johnson",1.22727272727273,11,4500,"PIT@CLE","PIT","CLE","","",NA,NA
"400","20431-80294","RB","Anthony","Anthony Firkser","Firkser",0,0,4500,"NYJ@BUF","NYJ","BUF","","",NA,NA
"401","20431-80297","WR","Karel","Karel Hamilton","Hamilton",0,0,4500,"BAL@CIN","CIN","BAL","","",NA,NA
"402","20431-22959","WR","Deonte","Deonte Thompson","Thompson",3.06000010172526,15,4500,"ATL@CHI","CHI","ATL","","",NA,NA
"403","20431-25012","WR","Justin","Justin Thomas","Thomas",0,0,4500,"IND@LA","LA","IND","","",NA,NA
"404","20431-31157","WR","Cobi","Cobi Hamilton","Hamilton",3.99090922962535,11,4500,"PIT@CLE","PIT","CLE","","",NA,NA
"405","20431-41398","WR","Mario","Mario Alford","Alford",0,3,4500,"PIT@CLE","CLE","PIT","","",NA,NA
"406","20431-27065","WR","Deante","Deante Burton","Burton",0,0,4500,"ATL@CHI","ATL","CHI","","",NA,NA
"407","20431-47551","TE","Mason","Mason Schreck","Schreck",0,0,4500,"BAL@CIN","CIN","BAL","","",NA,NA
"408","20431-31169","TE","Jeremy","Jeremy Sprinkle","Sprinkle",0,0,4500,"PHI@WAS","WAS","PHI","","",NA,NA
"409","20431-10695","RB","Darrel","Darrel Young","Young",0.688888867696126,9,4500,"CAR@SF","CAR","SF","","",NA,NA
"410","20431-39369","K","Zane","Zane Gonzalez","Gonzalez",0,0,4500,"PIT@CLE","CLE","PIT","","",NA,NA
"411","20431-47573","RB","Jordan","Jordan Johnson","Johnson",0,0,4500,"NYJ@BUF","BUF","NYJ","","",NA,NA
"412","20431-31191","WR","Mekale","Mekale McKay","McKay",0,0,4500,"OAK@TEN","TEN","OAK","","",NA,NA
"413","20431-27096","TE","Marcus","Marcus Lucas","Lucas",0,0,4500,"SEA@GB","SEA","GB","","",NA,NA
"414","20431-23003","TE","Phillip","Phillip Supernaw","Supernaw",2.04999995231628,4,4500,"OAK@TEN","TEN","OAK","","",NA,NA
"415","20431-25052","RB","Zach","Zach Laskey","Laskey",0,0,4500,"IND@LA","LA","IND","","",NA,NA
"416","20431-6622","WR","Eric","Eric Weems","Weems",0,15,4500,"OAK@TEN","TEN","OAK","","",NA,NA
"417","20431-14816","TE","Kyle","Kyle Nelson","Nelson",0,16,4500,"CAR@SF","SF","CAR","","",NA,NA
"418","20431-80352","TE","Billy","Billy Brown","Brown",0,0,4500,"PHI@WAS","PHI","WAS","","",NA,NA
"419","20431-80354","TE","Brandon","Brandon Barnes","Barnes",0,0,4500,"ARI@DET","DET","ARI","","",NA,NA
"420","20431-80356","WR","Brian","Brian Brown","Brown",0,0,4500,"NYG@DAL","DAL","NYG","","",NA,NA
"421","20431-45551","WR","Mitch","Mitch Mathews","Mathews",0,0,4500,"TB@MIA","MIA","TB","","",NA,NA
"422","20431-55792","TE","Colin","Colin Jeter","Jeter",0,0,4500,"IND@LA","IND","LA","","",NA,NA
"423","20431-6642","K","Nick","Nick Folk","Folk",7,16,4500,"TB@MIA","TB","MIA","","",NA,NA
"424","20431-14837","WR","Jeremy","Jeremy Ross","Ross",2.33999996185303,5,4500,"ARI@DET","ARI","DET","","",NA,NA
"425","20431-41469","TE","Darrell","Darrell Daniels","Daniels",0,0,4500,"IND@LA","IND","LA","","",NA,NA
"426","20431-80383","RB","Khalid","Khalid Abdullah","Abdullah",0,0,4500,"NYG@DAL","NYG","DAL","","",NA,NA
"427","20431-41477","WR","Damore'ea","Damore'ea Stringfellow","Stringfellow",0,0,4500,"TB@MIA","MIA","TB","","",NA,NA
"428","20431-23046","RB","Jamize","Jamize Olawale","Olawale",3.95384627122145,13,4500,"OAK@TEN","OAK","TEN","","",NA,NA
"429","20431-45577","RB","Algernon","Algernon Brown","Brown",0,0,4500,"NYJ@BUF","NYJ","BUF","","",NA,NA
"430","20431-80395","WR","Shakeir","Shakeir Ryan","Ryan",0,0,4500,"IND@LA","LA","IND","","",NA,NA
"431","20431-80394","TE","Phazahn","Phazahn Odom","Odom",0,0,4500,"PIT@CLE","PIT","CLE","","",NA,NA
"432","20431-6672","TE","Marcedes","Marcedes Lewis","Lewis",3.29000015258789,10,4500,"JAC@HOU","JAC","HOU","","",NA,NA
"433","20431-80400","RB","Lenard","Lenard Tillery","Tillery",0,0,4500,"IND@LA","LA","IND","","",NA,NA
"434","20431-25111","WR","Levern","Levern Jacobs","Jacobs",0,0,4500,"PHI@WAS","WAS","PHI","","",NA,NA
"435","20431-31263","WR","Ricardo","Ricardo Louis","Louis",2.45833333333333,12,4500,"PIT@CLE","CLE","PIT","","",NA,NA
"436","20431-39455","RB","Kerwynn","Kerwynn Williams","Williams",7.19999980926514,4,4500,"ARI@DET","ARI","DET","","",NA,NA
"437","20431-25122","WR","Amba","Amba Etta-Tawo","Etta-Tawo",0,0,4500,"JAC@HOU","JAC","HOU","","",NA,NA
"438","20431-31269","RB","Corey","Corey Grant","Grant",3.76666683620877,9,4500,"JAC@HOU","JAC","HOU","","",NA,NA
"439","20431-33320","RB","Senorise","Senorise Perry","Perry",0,0,4500,"TB@MIA","MIA","TB","","",NA,NA
"440","20431-6702","K","Phil","Phil Dawson","Dawson",6,16,4500,"ARI@DET","ARI","DET","","",NA,NA
"441","20431-31280","K","Cody","Cody Parkey","Parkey",6.35714285714286,14,4500,"PIT@CLE","CLE","PIT","","",NA,NA
"442","20431-45618","WR","Colby","Colby Pearson","Pearson",0,0,4500,"SEA@GB","GB","SEA","","",NA,NA
"443","20431-62002","RB","Devante","Devante Mays","Mays",0,0,4500,"SEA@GB","GB","SEA","","",NA,NA
"444","20431-29237","WR","Chris","Chris Harper","Harper",2.47499990463257,8,4500,"NYJ@BUF","NYJ","BUF","","",NA,NA
"445","20431-72260","WR","Harvey","Harvey Binford","Binford",0,0,4500,"IND@LA","IND","LA","","",NA,NA
"446","20431-64070","WR","Tim","Tim White","White",0,0,4500,"BAL@CIN","BAL","CIN","","",NA,NA
"447","20431-31308","WR","Quan","Quan Bray","Bray",0.966666698455811,6,4500,"IND@LA","IND","LA","","",NA,NA
"448","20431-6742","TE","Brent","Brent Celek","Celek",2.25,10,4500,"PHI@WAS","PHI","WAS","","",NA,NA
"449","20431-29270","WR","Darius","Darius Powe","Powe",0,0,4500,"NYG@DAL","NYG","DAL","","",NA,NA
"450","20431-31321","RB","Jay","Jay Prosch","Prosch",0.4,5,4500,"JAC@HOU","HOU","JAC","","",NA,NA
"451","20431-29277","TE","Stephen","Stephen Anderson","Anderson",2.31111102634006,9,4500,"JAC@HOU","HOU","JAC","","",NA,NA
"452","20431-64104","RB","Terrell","Terrell Watson","Watson",9.80000019073486,1,4500,"PIT@CLE","PIT","CLE","","",NA,NA
"453","20431-29290","WR","Bryce","Bryce Treggs","Treggs",1.69999996821086,6,4500,"PHI@WAS","PHI","WAS","","",NA,NA
"454","20431-25203","RB","Romar","Romar Morris","Morris",0,0,4500,"NYJ@BUF","NYJ","BUF","","",NA,NA
"455","20431-45683","RB","Kapri","Kapri Bibbs","Bibbs",3.42499995231628,8,4500,"CAR@SF","SF","CAR","","",NA,NA
"456","20431-64119","RB","Chris","Chris Carson","Carson",0,0,4500,"SEA@GB","SEA","GB","","",NA,NA
"457","20431-6778","TE","Anthony","Anthony Fasano","Fasano",2.42999992370605,10,4500,"TB@MIA","MIA","TB","","",NA,NA
"458","20431-55940","WR","Chad","Chad Hansen","Hansen",0,0,4500,"NYJ@BUF","NYJ","BUF","","",NA,NA
"459","20431-33418","TE","Alan","Alan Cross","Cross",1.42222224341498,9,4500,"TB@MIA","TB","MIA","","",NA,NA
"460","20431-6810","K","Dan","Dan Carpenter","Carpenter",6.4375,16,4500,"NYJ@BUF","BUF","NYJ","","",NA,NA
"461","20431-29340","WR","Josh","Josh Huff","Huff",3.27999992370605,10,4500,"TB@MIA","TB","MIA","","",NA,NA
"462","20431-41639","WR","DeAndre","DeAndre Smelter","Smelter",2.79999995231628,1,4500,"CAR@SF","SF","CAR","","",NA,NA
"463","20431-41642","K","Harrison","Harrison Butker","Butker",0,0,4500,"CAR@SF","CAR","SF","","",NA,NA
"464","20431-27309","WR","Jordan","Jordan Westerkamp","Westerkamp",0,0,4500,"TB@MIA","MIA","TB","","",NA,NA
"465","20431-62127","TE","Cole","Cole Hikutini","Hikutini",0,0,4500,"CAR@SF","SF","CAR","","",NA,NA
"466","20431-25267","WR","Mack","Mack Hollins","Hollins",0,0,4500,"PHI@WAS","PHI","WAS","","",NA,NA
"467","20431-62136","TE","Emanuel","Emanuel Byrd","Byrd",0,0,4500,"SEA@GB","GB","SEA","","",NA,NA
"468","20431-31417","WR","James","James Wright","Wright",1.65,10,4500,"PIT@CLE","CLE","PIT","","",NA,NA
"469","20431-31419","RB","Terrence","Terrence Magee","Magee",1.20000004768372,1,4500,"PIT@CLE","CLE","PIT","","",NA,NA
"470","20431-70335","TE","Seth","Seth DeValve","DeValve",3.71250009536743,8,4500,"PIT@CLE","CLE","PIT","","",NA,NA
"471","20431-39615","TE","Brandon","Brandon Williams","Williams",2.29999995231628,2,4500,"IND@LA","IND","LA","","",NA,NA
"472","20431-70342","TE","Temarrick","Temarrick Hemingway","Hemingway",0,0,4500,"IND@LA","LA","IND","","",NA,NA
"473","20431-80584","WR","Lance","Lance Lenoir","Lenoir",0,0,4500,"NYG@DAL","DAL","NYG","","",NA,NA
"474","20431-29390","TE","Evan","Evan Baylis","Baylis",0,0,4500,"JAC@HOU","HOU","JAC","","",NA,NA
"475","20431-33488","TE","Troy","Troy Niklas","Niklas",0.25,2,4500,"ARI@DET","ARI","DET","","",NA,NA
"476","20431-70363","TE","Hakeem","Hakeem Valles","Valles",0,2,4500,"ARI@DET","ARI","DET","","",NA,NA
"477","20431-29404","RB","Byron","Byron Marshall","Marshall",4.44999980926514,2,4500,"PHI@WAS","PHI","WAS","","",NA,NA
"478","20431-45791","WR","Rashard","Rashard Higgins","Higgins",1.06999998092651,10,4500,"PIT@CLE","CLE","PIT","","",NA,NA
"479","20431-70372","WR","Chester","Chester Rogers","Rogers",2.62857137407575,14,4500,"IND@LA","IND","LA","","",NA,NA
"480","20431-27381","TE","Taylor","Taylor McNamara","McNamara",0,0,4500,"PIT@CLE","CLE","PIT","","",NA,NA
"481","20431-54010","RB","Brian","Brian Hill","Hill",0,0,4500,"ATL@CHI","ATL","CHI","","",NA,NA
"482","20431-33531","TE","Ben","Ben Koyack","Koyack",3.51111115349664,9,4500,"JAC@HOU","JAC","HOU","","",NA,NA
"483","20431-6910","K","Robbie","Robbie Gould","Gould",5.4,10,4500,"CAR@SF","SF","CAR","","",NA,NA
"484","20431-47870","TE","Tyler","Tyler Higbee","Higbee",1.81818181818182,11,4500,"IND@LA","LA","IND","","",NA,NA
"485","20431-66318","RB","James","James Summers","Summers",0,0,4500,"ARI@DET","ARI","DET","","",NA,NA
"486","20431-15121","WR","Chris","Chris Matthews","Matthews",2.50909094376998,11,4500,"BAL@CIN","BAL","CIN","","",NA,NA
"487","20431-27411","RB","Aaron","Aaron Ripkowski","Ripkowski",4.20999984741211,10,4500,"SEA@GB","GB","SEA","","",NA,NA
"488","20431-29466","RB","Ricky","Ricky Ortiz","Ortiz",0,0,4500,"BAL@CIN","BAL","CIN","","",NA,NA
"489","20431-29477","TE","Connor","Connor Hamlett","Hamlett",8.19999980926514,1,4500,"NYG@DAL","DAL","NYG","","",NA,NA
"490","20431-70438","RB","Cedric","Cedric O'Neal","O'Neal",0,0,4500,"NYJ@BUF","BUF","NYJ","","",NA,NA
"491","20431-70444","WR","Paul","Paul McRoberts","McRoberts",1.10000002384186,1,4500,"IND@LA","LA","IND","","",NA,NA
"492","20431-27441","RB","Damien","Damien Williams","Williams",5.46000010172526,15,4500,"TB@MIA","MIA","TB","","",NA,NA
"493","20431-41780","WR","Chris","Chris Thompson","Thompson",0,0,4500,"JAC@HOU","HOU","JAC","","",NA,NA
"494","20431-70454","WR","Jace","Jace Billingsley","Billingsley",0,0,4500,"ARI@DET","DET","ARI","","",NA,NA
"495","20431-70457","TE","Cole","Cole Wick","Wick",0.933333317438761,3,4500,"ARI@DET","DET","ARI","","",NA,NA
"496","20431-70458","TE","Jason","Jason Vander Laan","Vander Laan",0,0,4500,"NYJ@BUF","NYJ","BUF","","",NA,NA
"497","20431-39741","RB","Freddie","Freddie Stevenson","Stevenson",0,0,4500,"ATL@CHI","CHI","ATL","","",NA,NA
"498","20431-70460","WR","Wendall","Wendall Williams","Williams",4.75,2,4500,"JAC@HOU","HOU","JAC","","",NA,NA
"499","20431-70467","WR","Andy","Andy Jones","Jones",0,0,4500,"NYG@DAL","DAL","NYG","","",NA,NA
"500","20431-45899","TE","Aaron","Aaron Peck","Peck",0,0,4500,"SEA@GB","GB","SEA","","",NA,NA
"501","20431-39757","TE","Scott","Scott Orndoff","Orndoff",0,0,4500,"PIT@CLE","PIT","CLE","","",NA,NA
"502","20431-43855","TE","Tim","Tim Semisch","Semisch",0,0,4500,"OAK@TEN","TEN","OAK","","",NA,NA
"503","20431-70485","WR","Marcus","Marcus Tucker","Tucker",0,0,4500,"PIT@CLE","PIT","CLE","","",NA,NA
"504","20431-70484","RB","Brandon","Brandon Brown-Dukes","Brown-Dukes",0,0,4500,"PIT@CLE","PIT","CLE","","",NA,NA
"505","20431-70486","WR","Chris","Chris Hubert","Hubert",0,0,4500,"ARI@DET","ARI","DET","","",NA,NA
"506","20431-70489","TE","Ben","Ben Braunecker","Braunecker",2.03333330154419,3,4500,"ATL@CHI","CHI","ATL","","",NA,NA
"507","20431-43870","RB","Joel","Joel Bouagnon","Bouagnon",0,0,4500,"ATL@CHI","CHI","ATL","","",NA,NA
"508","20431-70496","K","Aldrick","Aldrick Rosas","Rosas",0,0,4500,"NYG@DAL","NYG","DAL","","",NA,NA
"509","20431-29540","RB","Terron","Terron Ward","Ward",3.34000015258789,5,4500,"ATL@CHI","ATL","CHI","","",NA,NA
"510","20431-70506","TE","Ryan","Ryan O'Malley","O'Malley",0,0,4500,"OAK@TEN","OAK","TEN","","",NA,NA
"511","20431-29549","WR","Richard","Richard Mullaney","Mullaney",0,0,4500,"PIT@CLE","CLE","PIT","","",NA,NA
"512","20431-31602","WR","Fred","Fred Brown","Brown",0,0,4500,"IND@LA","IND","LA","","",NA,NA
"513","20431-25463","WR","Canaan","Canaan Severin","Severin",0,0,4500,"PIT@CLE","PIT","CLE","","",NA,NA
"514","20431-41848","WR","DeAngelo","DeAngelo Yancey","Yancey",0,0,4500,"SEA@GB","GB","SEA","","",NA,NA
"515","20431-39814","TE","Jordan","Jordan Leggett","Leggett",0,0,4500,"NYJ@BUF","NYJ","BUF","","",NA,NA
"516","20431-27527","TE","Blake","Blake Jarwin","Jarwin",0,0,4500,"NYG@DAL","DAL","NYG","","",NA,NA
"517","20431-37768","RB","Austin","Austin Johnson","Johnson",2.47999992370605,5,4500,"TB@MIA","TB","MIA","","",NA,NA
"518","20431-29583","TE","Randall","Randall Telfer","Telfer",0.279999995231628,5,4500,"PIT@CLE","CLE","PIT","","",NA,NA
"519","20431-41876","WR","Quincy","Quincy Adeboyejo","Adeboyejo",0,0,4500,"BAL@CIN","BAL","CIN","","",NA,NA
"520","20431-29592","TE","Xavier","Xavier Grimble","Grimble",3.66249990463257,8,4500,"PIT@CLE","PIT","CLE","","",NA,NA
"521","20431-70556","RB","Jalen","Jalen Simmons","Simmons",0,0,4500,"CAR@SF","CAR","SF","","",NA,NA
"522","20431-25513","WR","Darius","Darius Jennings","Jennings",6.23333358764648,3,4500,"OAK@TEN","TEN","OAK","","",NA,NA
"523","20431-25515","WR","David","David Watford","Watford",0,0,4500,"PHI@WAS","PHI","WAS","","",NA,NA
"524","20431-33708","RB","Josh","Josh Rounds","Rounds",0,0,4500,"ATL@CHI","CHI","ATL","","",NA,NA
"525","20431-56248","WR","Noah","Noah Brown","Brown",0,0,4500,"NYG@DAL","DAL","NYG","","",NA,NA
"526","20431-43961","RB","Tyler","Tyler Ervin","Ervin",-0.0333333338300387,12,4500,"JAC@HOU","HOU","JAC","","",NA,NA
"527","20431-41922","WR","Johnny","Johnny Holton","Holton",1.11666663487752,6,4500,"OAK@TEN","OAK","TEN","","",NA,NA
"528","20431-43970","RB","Shane","Shane Smith","Smith",0,0,4500,"NYG@DAL","NYG","DAL","","",NA,NA
"529","20431-39887","WR","Myles","Myles White","White",2.03333324856228,9,4500,"NYJ@BUF","NYJ","BUF","","",NA,NA
"530","20431-25561","WR","Michael","Michael Campanaro","Campanaro",2.39999993642171,3,4500,"BAL@CIN","BAL","CIN","","",NA,NA
"531","20431-29662","WR","Darreus","Darreus Rogers","Rogers",0,0,4500,"SEA@GB","SEA","GB","","",NA,NA
"532","20431-41954","WR","Victor","Victor Bolden Jr.","Bolden Jr.",0,0,4500,"CAR@SF","SF","CAR","","",NA,NA
"533","20431-72676","RB","Troymaine","Troymaine Pope","Pope",1.35000002384186,4,4500,"IND@LA","IND","LA","","",NA,NA
"534","20431-70631","RB","Kyle","Kyle Coleman","Coleman",0,0,4500,"SEA@GB","SEA","GB","","",NA,NA
"535","20431-41964","WR","Vince","Vince Mayle","Mayle",0,1,4500,"BAL@CIN","BAL","CIN","","",NA,NA
"536","20431-48116","TE","Jonnu","Jonnu Smith","Smith",0,0,4500,"OAK@TEN","TEN","OAK","","",NA,NA
"537","20431-39930","WR","Reggie","Reggie Davis","Davis",0,0,4500,"ATL@CHI","ATL","CHI","","",NA,NA
"538","20431-68614","WR","Anthony","Anthony Dable","Dable",0,0,4500,"ATL@CHI","ATL","CHI","","",NA,NA
"539","20431-23569","TE","Rico","Rico Gathers","Gathers",0,0,4500,"NYG@DAL","DAL","NYG","","",NA,NA
"540","20431-29725","TE","Levine","Levine Toilolo","Toilolo",3.45384627122145,13,4500,"ATL@CHI","ATL","CHI","","",NA,NA
"541","20431-25635","TE","Stevie","Stevie Donatell","Donatell",0,0,4500,"SEA@GB","SEA","GB","","",NA,NA
"542","20431-46121","WR","Marquis","Marquis Bundy","Bundy",0,0,4500,"ARI@DET","ARI","DET","","",NA,NA
"543","20431-62505","TE","MyCole","MyCole Pruitt","Pruitt",1.14999997615814,2,4500,"ATL@CHI","CHI","ATL","","",NA,NA
"544","20431-62510","TE","Nick","Nick Boyle","Boyle",1.85000002384186,4,4500,"BAL@CIN","BAL","CIN","","",NA,NA
"545","20431-33840","WR","Keyarris","Keyarris Garrett","Garrett",0,0,4500,"CAR@SF","CAR","SF","","",NA,NA
"546","20431-62515","TE","Neal","Neal Sterling","Sterling",3.4,5,4500,"JAC@HOU","JAC","HOU","","",NA,NA
"547","20431-62517","WR","Dezmin","Dezmin Lewis","Lewis",0,1,4500,"NYJ@BUF","BUF","NYJ","","",NA,NA
"548","20431-25654","RB","Tommy","Tommy Bohanon","Bohanon",1.56000003814697,5,4500,"JAC@HOU","JAC","HOU","","",NA,NA
"549","20431-62519","WR","Tre","Tre McBride","McBride",1.43333339691162,6,4500,"OAK@TEN","TEN","OAK","","",NA,NA
"550","20431-62534","TE","Brian","Brian Parker","Parker",0.550000011920929,2,4500,"NYJ@BUF","NYJ","BUF","","",NA,NA
"551","20431-44103","RB","Elijah","Elijah McGuire","McGuire",0,0,4500,"NYJ@BUF","NYJ","BUF","","",NA,NA
"552","20431-27721","WR","Justin","Justin Hardee","Hardee",0,0,4500,"JAC@HOU","HOU","JAC","","",NA,NA
"553","20431-44105","WR","Jamal","Jamal Robinson","Robinson",0,0,4500,"JAC@HOU","JAC","HOU","","",NA,NA
"554","20431-29791","WR","Michael","Michael Rector","Rector",0,0,4500,"ARI@DET","DET","ARI","","",NA,NA
"555","20431-48224","TE","Wes","Wes Saxton","Saxton",0,1,4500,"NYJ@BUF","BUF","NYJ","","",NA,NA
"556","20431-29805","TE","Ryan","Ryan Hewitt","Hewitt",1.14999997615814,2,4500,"BAL@CIN","CIN","BAL","","",NA,NA
"557","20431-29821","WR","Jordan","Jordan Payton","Payton",0.400000005960464,2,4500,"PIT@CLE","CLE","PIT","","",NA,NA
"558","20431-44177","TE","D.J.","D.J. Tialavea","Tialavea",6.59999990463257,1,4500,"ATL@CHI","ATL","CHI","","",NA,NA
"559","20431-44178","TE","Wyatt","Wyatt Houston","Houston",0,0,4500,"CAR@SF","CAR","SF","","",NA,NA
"560","20431-25751","TE","Chris","Chris Pantale","Pantale",0,0,4500,"TB@MIA","MIA","TB","","",NA,NA
"561","20431-62617","TE","Khari","Khari Lee","Lee",0,1,4500,"ARI@DET","DET","ARI","","",NA,NA
"562","20431-62619","K","Andrew","Andrew Franks","Franks",5.75,16,4500,"TB@MIA","MIA","TB","","",NA,NA
"563","20431-62626","RB","Julian","Julian Howsare","Howsare",0,1,4500,"NYJ@BUF","NYJ","BUF","","",NA,NA
"564","20431-46244","RB","Donnel","Donnel Pumphrey","Pumphrey",0,0,4500,"PHI@WAS","PHI","WAS","","",NA,NA
"565","20431-62628","WR","DeAndre","DeAndre Carter","Carter",0,0,4500,"CAR@SF","SF","CAR","","",NA,NA
"566","20431-25774","WR","Malcolm","Malcolm Lewis","Lewis",0,0,4500,"TB@MIA","MIA","TB","","",NA,NA
"567","20431-79031","RB","Jacob","Jacob Huesman","Huesman",0,0,4500,"NYG@DAL","NYG","DAL","","",NA,NA
"568","20431-52410","WR","Josh","Josh Malone","Malone",0,0,4500,"BAL@CIN","CIN","BAL","","",NA,NA
"569","20431-46269","WR","Larry","Larry Clark","Clark",0,0,4500,"ARI@DET","ARI","DET","","",NA,NA
"570","20431-40128","WR","Francis","Francis Owusu","Owusu",0,0,4500,"TB@MIA","MIA","TB","","",NA,NA
"571","20431-9409","TE","Clark","Clark Harris","Harris",0,16,4500,"BAL@CIN","CIN","BAL","","",NA,NA
"572","20431-11457","WR","Arrelious","Arrelious Benn","Benn",2.23333337571886,9,4500,"JAC@HOU","JAC","HOU","","",NA,NA
"573","20431-27847","WR","Shane","Shane Wynn","Wynn",1.45000004768372,2,4500,"JAC@HOU","JAC","HOU","","",NA,NA
"574","20431-29895","TE","Nate","Nate Iese","Iese",0,0,4500,"PIT@CLE","CLE","PIT","","",NA,NA
"575","20431-11488","TE","Ed","Ed Dickson","Dickson",2.03333330154419,12,4500,"CAR@SF","CAR","SF","","",NA,NA
"576","20431-40164","WR","Shelton","Shelton Gibson","Gibson",0,0,4500,"PHI@WAS","PHI","WAS","","",NA,NA
"577","20431-11504","WR","Andre","Andre Roberts","Roberts",2.61249995231628,16,4500,"ATL@CHI","ATL","CHI","","",NA,NA
"578","20431-48371","WR","Robert","Robert Davis","Davis",0,0,4500,"PHI@WAS","WAS","PHI","","",NA,NA
"579","20431-29949","WR","Marvin","Marvin Hall","Hall",0,0,4500,"ATL@CHI","ATL","CHI","","",NA,NA
"580","20431-62718","TE","Daniel","Daniel Brown","Brown",4.39999993642171,6,4500,"ATL@CHI","CHI","ATL","","",NA,NA
"581","20431-27907","K","Mike","Mike Meyer","Meyer",0,0,4500,"ATL@CHI","ATL","CHI","","",NA,NA
"582","20431-29956","TE","Joshua","Joshua Perkins","Perkins",3.89999993642171,3,4500,"ATL@CHI","ATL","CHI","","",NA,NA
"583","20431-27918","TE","Henry","Henry Krieger-Coble","Krieger-Coble",1.79999995231628,1,4500,"IND@LA","IND","LA","","",NA,NA
"584","20431-34073","TE","Ryan","Ryan Griffin","Griffin",4.94999980926514,16,4500,"JAC@HOU","HOU","JAC","","",NA,NA
"585","20431-29985","WR","Jaydon","Jaydon Mickens","Mickens",0,0,4500,"OAK@TEN","OAK","TEN","","",NA,NA
"586","20431-46374","WR","Tanner","Tanner Gentry","Gentry",0,0,4500,"ATL@CHI","CHI","ATL","","",NA,NA
"587","20431-48422","RB","Jarveon","Jarveon Williams","Williams",0,0,4500,"BAL@CIN","CIN","BAL","","",NA,NA
"588","20431-27947","WR","Riley","Riley McCarron","McCarron",0,0,4500,"JAC@HOU","HOU","JAC","","",NA,NA
"589","20431-30004","WR","Kasen","Kasen Williams","Williams",0,1,4500,"SEA@GB","SEA","GB","","",NA,NA
"590","20431-60745","K","Jason","Jason Myers","Myers",8.375,16,4500,"JAC@HOU","JAC","HOU","","",NA,NA
"591","20431-44363","WR","Jerome","Jerome Lane","Lane",0,0,4500,"NYG@DAL","NYG","DAL","","",NA,NA
"592","20431-54612","RB","Lorenzo","Lorenzo Taliaferro","Taliaferro",2.5,1,4500,"BAL@CIN","BAL","CIN","","",NA,NA
"593","20431-54617","WR","Matt","Matt Hazel","Hazel",0,1,4500,"PHI@WAS","WAS","PHI","","",NA,NA
"594","20431-48478","TE","Zach","Zach Conque","Conque",0,0,4500,"JAC@HOU","HOU","JAC","","",NA,NA
"595","20431-25957","TE","J.P.","J.P. Holtz","Holtz",0,0,4500,"PIT@CLE","CLE","PIT","","",NA,NA
"596","20431-64873","RB","Tim","Tim Cook","Cook",0,0,4500,"JAC@HOU","JAC","HOU","","",NA,NA
"597","20431-44424","WR","KeVonn","KeVonn Mabon","Mabon",0,0,4500,"OAK@TEN","TEN","OAK","","",NA,NA
"598","20431-40342","RB","De'Veon","De'Veon Smith","Smith",0,0,4500,"TB@MIA","MIA","TB","","",NA,NA
"599","20431-30106","WR","Gabe","Gabe Marks","Marks",0,0,4500,"NYJ@BUF","NYJ","BUF","","",NA,NA
"600","20431-30108","WR","Marquess","Marquess Wilson","Wilson",8.83333333333333,3,4500,"NYJ@BUF","NYJ","BUF","","",NA,NA
"601","20431-38301","TE","Darren","Darren Fells","Fells",3.15555551317003,9,4500,"ARI@DET","DET","ARI","","",NA,NA
"602","20431-54690","WR","Freddie","Freddie Martino","Martino",3.45714296613421,7,4500,"TB@MIA","TB","MIA","","",NA,NA
"603","20431-60835","WR","Isaac","Isaac Whitney","Whitney",0,0,4500,"OAK@TEN","OAK","TEN","","",NA,NA
"604","20431-40371","TE","Johnny","Johnny Mundt","Mundt",0,0,4500,"IND@LA","LA","IND","","",NA,NA
"605","20431-26038","TE","Tyler","Tyler Kroft","Kroft",2.36666663487752,6,4500,"BAL@CIN","CIN","BAL","","",NA,NA
"606","20431-26055","WR","Carlton","Carlton Agudosi","Agudosi",0,0,4500,"ARI@DET","ARI","DET","","",NA,NA
"607","20431-26057","RB","Michael","Michael Burton","Burton",0,1,4500,"ATL@CHI","CHI","ATL","","",NA,NA
"608","20431-28106","RB","Joe","Joe Kerridge","Kerridge",0,1,4500,"SEA@GB","GB","SEA","","",NA,NA
"609","20431-54742","TE","Scott","Scott Simonson","Simonson",1.5,1,4500,"CAR@SF","CAR","SF","","",NA,NA
"610","20431-34275","RB","Storm","Storm Johnson","Johnson",0,0,4500,"TB@MIA","MIA","TB","","",NA,NA
"611","20431-32234","RB","Malcolm","Malcolm Brown","Brown",1,8,4500,"IND@LA","LA","IND","","",NA,NA
"612","20431-54762","TE","RaShaun","RaShaun Allen","Allen",0,0,4500,"JAC@HOU","HOU","JAC","","",NA,NA
"613","20431-32235","WR","Marcus","Marcus Johnson","Johnson",0,0,4500,"PHI@WAS","PHI","WAS","","",NA,NA
"614","20431-40430","WR","Demarcus","Demarcus Ayers","Ayers",6.55000019073486,2,4500,"PIT@CLE","PIT","CLE","","",NA,NA
"615","20431-60910","WR","Dede","Dede Westbrook","Westbrook",0,0,4500,"JAC@HOU","JAC","HOU","","",NA,NA
"616","20431-28144","TE","Dion","Dion Sims","Sims",4.81538449800931,13,4500,"ATL@CHI","CHI","ATL","","",NA,NA
"617","20431-34288","WR","Rannell","Rannell Hall","Hall",0,1,4500,"PIT@CLE","CLE","PIT","","",NA,NA
"618","20431-28146","WR","Monty","Monty Madaris","Madaris",0,0,4500,"BAL@CIN","CIN","BAL","","",NA,NA
"619","20431-40445","RB","Darrin","Darrin Laufasa","Laufasa",0,0,4500,"BAL@CIN","CIN","BAL","","",NA,NA
"620","20431-32257","K","Nick","Nick Rose","Rose",0,0,4500,"CAR@SF","SF","CAR","","",NA,NA
"621","20431-40462","RB","Tyler","Tyler McCloskey","McCloskey",0,0,4500,"CAR@SF","SF","CAR","","",NA,NA
"622","20431-40472","WR","James","James Quick","Quick",0,0,4500,"PHI@WAS","WAS","PHI","","",NA,NA
"623","20431-40477","TE","Keith","Keith Towbridge","Towbridge",0,0,4500,"NYJ@BUF","BUF","NYJ","","",NA,NA
"624","20431-7718","RB","Cedric","Cedric Peerman","Peerman",1.5,1,4500,"BAL@CIN","CIN","BAL","","",NA,NA
"625","20431-38441","RB","Justin","Justin Davis","Davis",0,0,4500,"IND@LA","LA","IND","","",NA,NA
"626","20431-46633","WR","Keenan","Keenan Reynolds","Reynolds",0,0,4500,"BAL@CIN","BAL","CIN","","",NA,NA
"627","20431-22063","WR","Keshawn","Keshawn Martin","Martin",-2,1,4500,"ARI@DET","DET","ARI","","",NA,NA
"628","20431-22065","TE","Rhett","Rhett Ellison","Ellison",1.81111102634006,9,4500,"NYG@DAL","NYG","DAL","","",NA,NA
"629","20431-32310","TE","Caleb","Caleb Bluiett","Bluiett",0,0,4500,"JAC@HOU","JAC","HOU","","",NA,NA
"630","20431-56894","RB","Akeem","Akeem Judd","Judd",0,0,4500,"OAK@TEN","TEN","OAK","","",NA,NA
"631","20431-30272","TE","Colin","Colin Thompson","Thompson",0,0,4500,"NYG@DAL","NYG","DAL","","",NA,NA
"632","20431-56906","WR","K.D.","K.D. Cannon","Cannon",0,0,4500,"IND@LA","LA","IND","","",NA,NA
"633","20431-26189","WR","Dontez","Dontez Ford","Ford",0,0,4500,"ARI@DET","DET","ARI","","",NA,NA
"634","20431-56909","WR","Ishmael","Ishmael Zamora","Zamora",0,0,4500,"OAK@TEN","OAK","TEN","","",NA,NA
"635","20431-18009","TE","Chris","Chris Manhertz","Manhertz",1.5,1,4500,"CAR@SF","CAR","SF","","",NA,NA
"636","20431-22109","K","Greg","Greg Zuerlein","Zuerlein",5.8,15,4500,"IND@LA","LA","IND","","",NA,NA
"637","20431-22110","K","Blair","Blair Walsh","Walsh",6.33333333333333,9,4500,"SEA@GB","SEA","GB","","",NA,NA
"638","20431-30307","RB","Mack","Mack Brown","Brown",14.5,1,4500,"PHI@WAS","WAS","PHI","","",NA,NA
"639","20431-30313","TE","Tevin","Tevin Westbrook","Westbrook",0,0,4500,"TB@MIA","TB","MIA","","",NA,NA
"640","20431-26230","WR","Brandon","Brandon Shippen","Shippen",0,0,4500,"IND@LA","LA","IND","","",NA,NA
"641","20431-38528","TE","Tyrone","Tyrone Swoopes","Swoopes",0,0,4500,"SEA@GB","SEA","GB","","",NA,NA
"642","20431-40586","WR","Fred","Fred Ross","Ross",0,0,4500,"CAR@SF","CAR","SF","","",NA,NA
"643","20431-28311","TE","MarQueis","MarQueis Gray","Gray",3.04999995231628,8,4500,"TB@MIA","MIA","TB","","",NA,NA
"644","20431-32410","RB","Trey","Trey Williams","Williams",1.20000004768372,1,4500,"PIT@CLE","PIT","CLE","","",NA,NA
"645","20431-44702","RB","Joe","Joe Bacci","Bacci",0,0,4500,"OAK@TEN","TEN","OAK","","",NA,NA
"646","20431-81566","WR","C.J.","C.J. Germany","Germany",0,0,4500,"IND@LA","LA","IND","","",NA,NA
"647","20431-40612","WR","Bobo","Bobo Wilson","Wilson",0,0,4500,"TB@MIA","TB","MIA","","",NA,NA
"648","20431-32421","WR","Derel","Derel Walker","Walker",0,0,4500,"TB@MIA","TB","MIA","","",NA,NA
"649","20431-30376","RB","Quayvon","Quayvon Hicks","Hicks",0,0,4500,"TB@MIA","TB","MIA","","",NA,NA
"650","20431-22198","WR","Brittan","Brittan Golden","Golden",1.62000007629395,10,4500,"ARI@DET","ARI","DET","","",NA,NA
"651","20431-28346","TE","Maxx","Maxx Williams","Williams",4.06666660308838,12,4500,"BAL@CIN","BAL","CIN","","",NA,NA
"652","20431-52931","RB","Elijhaa","Elijhaa Penny","Penny",0,0,4500,"ARI@DET","ARI","DET","","",NA,NA
"653","20431-40665","RB","Matthew","Matthew Dayes","Dayes",0,0,4500,"PIT@CLE","CLE","PIT","","",NA,NA
"654","20431-32483","WR","Josh","Josh Boyce","Boyce",0,0,4500,"PIT@CLE","CLE","PIT","","",NA,NA
"655","20431-38636","WR","Bug","Bug Howard","Howard",0,0,4500,"IND@LA","IND","LA","","",NA,NA
"656","20431-26355","TE","Logan","Logan Thomas","Thomas",0,0,4500,"NYJ@BUF","BUF","NYJ","","",NA,NA
"657","20431-40695","RB","Sam","Sam Rogers","Rogers",0,0,4500,"IND@LA","LA","IND","","",NA,NA
"658","20431-20217","TE","Eric","Eric Wallace","Wallace",0,0,4500,"CAR@SF","CAR","SF","","",NA,NA
"659","20431-57091","WR","Tim","Tim Patrick","Patrick",0,0,4500,"CAR@SF","SF","CAR","","",NA,NA
"660","20431-71430","RB","Marquez","Marquez Williams","Williams",0,0,4500,"JAC@HOU","JAC","HOU","","",NA,NA
"661","20431-12055","TE","Logan","Logan Paulsen","Paulsen",0.428571428571429,7,4500,"CAR@SF","SF","CAR","","",NA,NA
"662","20431-32544","RB","Aaron","Aaron Green","Green",0,0,4500,"IND@LA","LA","IND","","",NA,NA
"663","20431-22308","RB","Joe","Joe Banyard","Banyard",0.699999988079071,1,4500,"NYJ@BUF","BUF","NYJ","","",NA,NA
"664","20431-46885","WR","Thomas","Thomas Sperbeck","Sperbeck",0,0,4500,"TB@MIA","TB","MIA","","",NA,NA
"665","20431-26411","TE","Ryan","Ryan Malleck","Malleck",0,0,4500,"BAL@CIN","BAL","CIN","","",NA,NA
"666","20431-40758","RB","Corey","Corey Clement","Clement",0,0,4500,"PHI@WAS","PHI","WAS","","",NA,NA
"667","20431-38722","TE","Cethan","Cethan Carter","Carter",0,0,4500,"BAL@CIN","CIN","BAL","","",NA,NA
"668","20431-28486","WR","Corey","Corey Brown","Brown",3.0466667175293,15,4500,"NYJ@BUF","BUF","NYJ","","",NA,NA
"669","20431-44893","RB","Roosevelt","Roosevelt Nix","Nix",1.5,1,4500,"PIT@CLE","PIT","CLE","","",NA,NA
"670","20431-8050","TE","Zach","Zach Miller","Miller",9.60999984741211,10,4500,"ATL@CHI","CHI","ATL","","",NA,NA
"671","20431-28545","RB","Rod","Rod Smith","Smith",0.449999988079071,2,4500,"NYG@DAL","DAL","NYG","","",NA,NA
"672","20431-40836","WR","Drew","Drew Morgan","Morgan",0,0,4500,"TB@MIA","MIA","TB","","",NA,NA
"673","20431-40843","RB","Alex","Alex Collins","Collins",3.37777773539225,9,4500,"SEA@GB","SEA","GB","","",NA,NA
"674","20431-30605","WR","K.J.","K.J. Brent","Brent",0,0,4500,"OAK@TEN","OAK","TEN","","",NA,NA
"675","20431-40857","RB","Peyton","Peyton Barber","Barber",3.73333316379123,9,4500,"TB@MIA","TB","MIA","","",NA,NA
"676","20431-28570","TE","Nick","Nick Vannett","Vannett",1.56666660308838,3,4500,"SEA@GB","SEA","GB","","",NA,NA
"677","20431-14240","TE","Lance","Lance Kendricks","Kendricks",5.30625009536743,16,4500,"SEA@GB","GB","SEA","","",NA,NA
"678","20431-32674","TE","Jace","Jace Amaro","Amaro",7.40000009536743,1,4500,"OAK@TEN","TEN","OAK","","",NA,NA
"679","20431-34729","RB","Dwayne","Dwayne Washington","Washington",3.9727273420854,11,4500,"ARI@DET","DET","ARI","","",NA,NA
"680","20431-30635","RB","Mike","Mike Davis","Davis",1.85714285714286,7,4500,"SEA@GB","SEA","GB","","",NA,NA
"681","20431-22447","WR","Griff","Griff Whalen","Whalen",0.800000011920929,4,4500,"BAL@CIN","BAL","CIN","","",NA,NA
"682","20431-55220","WR","Giovanni","Giovanni Pascascio","Pascascio",0,0,4500,"OAK@TEN","TEN","OAK","","",NA,NA
"683","20431-30652","WR","Tanner","Tanner McEvoy","McEvoy",4.02750015258789,8,4500,"SEA@GB","SEA","GB","","",NA,NA
"684","20431-30654","TE","Jerell","Jerell Adams","Adams",2.91111119588216,9,4500,"NYG@DAL","NYG","DAL","","",NA,NA
"685","20431-32703","WR","Jakeem","Jakeem Grant","Grant",0.315384608048659,13,4500,"TB@MIA","MIA","TB","","",NA,NA
"686","20431-32710","TE","Travis","Travis Wilson","Wilson",0,0,4500,"IND@LA","LA","IND","","",NA,NA
"687","20431-38865","WR","Noel","Noel Thomas","Thomas",0,0,4500,"ARI@DET","DET","ARI","","",NA,NA
"688","20431-40913","TE","Thomas","Thomas Duarte","Duarte",0,0,4500,"TB@MIA","MIA","TB","","",NA,NA
"689","20431-57299","TE","Gerald","Gerald Everett","Everett",0,0,4500,"IND@LA","LA","IND","","",NA,NA
"690","20431-24533","TE","Mo","Mo Alie-Cox","Alie-Cox",0,0,4500,"IND@LA","IND","LA","","",NA,NA
"691","20431-30678","WR","Damiere","Damiere Byrd","Byrd",2.09999990463257,1,4500,"CAR@SF","CAR","SF","","",NA,NA
"692","20431-30684","RB","Brandon","Brandon Wilds","Wilds",1.89999993642171,3,4500,"PIT@CLE","CLE","PIT","","",NA,NA
"693","20431-14304","TE","Luke","Luke Stocker","Stocker",0.800000031789144,6,4500,"TB@MIA","TB","MIA","","",NA,NA
"694","20431-40932","WR","Pharoh","Pharoh Cooper","Cooper",1.84444448682997,9,4500,"IND@LA","LA","IND","","",NA,NA
"695","20431-14319","RB","Taiwan","Taiwan Jones","Jones",0.785714285714286,7,4500,"NYJ@BUF","BUF","NYJ","","",NA,NA
"696","20431-30709","WR","Bruce","Bruce Ellington","Ellington",1.57692307692308,13,4500,"JAC@HOU","HOU","JAC","","",NA,NA
"697","20431-12532","D","Detroit","Detroit Lions","Lions",5.375,16,4400,"ARI@DET","DET","ARI","","",NA,NA
"698","20431-12555","D","Baltimore","Baltimore Ravens","Ravens",8.25,16,4400,"BAL@CIN","BAL","CIN","","",NA,NA
"699","20431-12527","D","Chicago","Chicago Bears","Bears",5.5,16,4300,"ATL@CHI","CHI","ATL","","",NA,NA
"700","20431-12535","D","Indianapolis","Indianapolis Colts","Colts",5.5625,16,4300,"IND@LA","IND","LA","","",NA,NA
"701","20431-12533","D","Green Bay","Green Bay Packers","Packers",6.3125,16,4200,"SEA@GB","GB","SEA","","",NA,NA
"702","20431-12539","D","Miami","Miami Dolphins","Dolphins",7.5,16,4200,"TB@MIA","MIA","TB","","",NA,NA
"703","20431-12554","D","Jacksonville","Jacksonville Jaguars","Jaguars",4.5625,16,4100,"JAC@HOU","JAC","HOU","","",NA,NA
"704","20431-12529","D","Cleveland","Cleveland Browns","Browns",3.125,16,4000,"PIT@CLE","CLE","PIT","","",NA,NA
"705","20431-12544","D","New York","New York Jets","Jets",3.75,16,4000,"NYJ@BUF","NYJ","BUF","","",NA,NA
"706","20431-12549","D","San Francisco","San Francisco 49ers","49ers",4.0625,16,4000,"CAR@SF","SF","CAR","","",NA,NA
