"","playerId","position.x","rec","recYds","recTds","rushYds","rushTds","fumbles","returnYds","analyst.x","player.x","player.y","position.y","team","opponent","depthChart","esbid","position","analyst.y","points"
"1","1032","WR",5.9,73.1,0.8,2.6,0.1,0,0.9,18,"Jordy Nelson","Jordy Nelson","WR","GB","SEA","1","NEL517441","WR",18,14.7975
"2","1581","WR",3.9,61.6,0.2,0.4,0,0,1.9,18,"DeSean Jackson","DeSean Jackson","WR","TB","@MIA","1","JAC127681","WR",18,8.94
"3","222","WR",1.1,16.4,0,0,0,0,7.4,18,"Harry Douglas","Harry Douglas","WR","TEN","OAK","3","DOU372712","WR",18,2.05
"4","2346","WR",4.7,59.1,0.3,0,0,0,3.1,18,"Pierre Garcon","Pierre Garcon","WR","SF","CAR","1","GAR115573","WR",18,9.1875
"5","238498","WR",5.6,68.3,0.2,2.7,0,0.1,11.9,18,"Julian Edelman","Julian Edelman","WR","NE","KC","6","EDE425791","WR",18,9.7075
"6","2495159","WR",0.2,1.5,0.1,0,0,0,41.7,18,"Dwayne Harris","Dwayne Harris","WR","NYG","@DAL","2","HAR376781","WR",18,0.7875
"7","2495189","WR",2.9,30.1,0.1,0,0,0,11,18,"Jeremy Kerley","Jeremy Kerley","WR","SF","CAR","2","KER321479","WR",18,4.3625
"8","2495331","WR",1.1,15.3,0.1,0,0,0,1.2,18,"Aldrick Robinson","Aldrick Robinson","WR","SF","CAR","2","ROB365875","WR",18,2.5125
"9","2495448","WR",4.3,51.4,0.4,2.9,0,0,3.4,18,"Randall Cobb","Randall Cobb","WR","GB","SEA","1","COB365535","WR",18,9.115
"10","2495450","WR",5.5,78.3,0.5,0.4,0,0,0,18,"A.J. Green","A.J. Green","WR","CIN","BAL","1","GRE034604","WR",18,12.8275
"11","2495453","WR",0.7,6.8,0.1,0.1,0,0,5.1,18,"Andre Holmes","Andre Holmes","WR","BUF","NYJ","1","HOL497389","WR",18,1.46
"12","2495454","WR",5.4,85,0.4,0,0,0,0,18,"Julio Jones","Julio Jones","WR","ATL","@CHI","1","JON640315","WR",18,13.025
"13","2495459","WR",2.1,22.8,0.1,0.2,0,0,4.3,18,"Torrey Smith","Torrey Smith","WR","PHI","@WAS","1","SMI344958","WR",18,3.47
"14","2495893","WR",4.5,52.5,0.4,0.6,0,0,0,18,"Brandon Marshall","Brandon Marshall","WR","NYG","@DAL","1","MAR370922","WR",18,9.0225
"15","2505587","WR",3,36.2,0.3,0.3,0,0,7.9,18,"Anquan Boldin","Anquan Boldin","WR","BUF","NYJ","1","BOL283010","WR",18,6.355
"16","2506106","WR",6.6,65.4,0.3,0.2,0,0.1,0,18,"Larry Fitzgerald","Larry Fitzgerald","WR","ARI","@DET","1","FIT437493","WR",18,9.695
"17","2507166","WR",3.7,43.3,0.2,3.6,0,0.1,20.2,18,"Ted Ginn","Ted Ginn","WR","NO","@MIN","NULL","GIN403290","WR",18,6.6725
"18","2507763","WR",3.7,49.6,0.2,1.2,0,0,0,18,"Mike Wallace","Mike Wallace","WR","BAL","@CIN","1","WAL468678","WR",18,7.52
"19","2507855","WR",1.5,22.4,0,0,0,0,6.3,18,"Victor Cruz","Victor Cruz","WR","CHI","ATL","1","CRU827288","WR",18,2.8
"20","2508061","WR",7.2,97,0.7,1.3,0,0.1,11,18,"Antonio Brown","Antonio Brown","WR","PIT","@CLE","1","BRO000001","WR",18,16.155
"21","2508097","WR",1.4,14.1,0,0,0,0,0,18,"Andrew Hawkins","Andrew Hawkins","WR","FA","Bye","2","HAW100447","WR",18,1.7625
"22","2530515","WR",2.7,41.5,0.2,0.3,0,0,2.9,18,"Chris Hogan","Chris Hogan","WR","NE","KC","2","HOG008552","WR",18,6.4175
"23","2530660","WR",1.2,14.3,0,0,0,0,7.1,18,"Kamar Aiken","Kamar Aiken","WR","IND","@LA","2","AIK246111","WR",18,1.7875
"24","2530700","WR",2.7,37.8,0.2,0,0,0,0,18,"Dontrelle Inman","Dontrelle Inman","WR","LAC","@DEN","2","INM264861","WR",18,5.925
"25","2530747","WR",5.9,72.7,0.6,0.5,0,0,0,18,"Doug Baldwin","Doug Baldwin","WR","SEA","@GB","1","BAL312014","WR",18,12.7375
"26","2531049","WR",0.4,4.4,0,0,0,0,23.4,18,"Chris Matthews","Chris Matthews","WR","BAL","@CIN","5","MAT534950","WR",18,0.55
"27","2531332","WR",5.3,78.8,0.3,0.2,0,0,1.3,18,"Terrelle Pryor","Terrelle Pryor","WR","WAS","PHI","1","PRY474541","WR",18,11.67
"28","2532790","WR",2.2,31.2,0.1,0,0,0.2,7.2,18,"Travis Benjamin","Travis Benjamin","WR","LAC","@DEN","9","BEN162218","WR",18,3.9
"29","2532865","WR",5.6,91,0.4,0,0,0,0.7,18,"T.Y. Hilton","T.Y. Hilton","WR","IND","@LA","NULL","HIL775449","WR",18,13.775
"30","2532884","WR",4.6,66.2,0.1,0,0,0,0,18,"Marvin Jones","Marvin Jones","WR","DET","ARI","1","JON601697","WR",18,8.875
"31","2532887","WR",3.4,42,0.2,0.2,0,0,7.4,18,"Jermaine Kearse","Jermaine Kearse","WR","SEA","@GB","2","KEA511674","WR",18,6.47
"32","2532903","WR",3.2,46.7,0.5,0,0,0,0,18,"Rishard Matthews","Rishard Matthews","WR","TEN","OAK","1","MAT576281","WR",18,8.8375
"33","2532933","WR",2,25.1,0,0,0,0,0,18,"Brian Quick","Brian Quick","WR","WAS","PHI","2","QUI043372","WR",18,3.1375
"34","2532977","WR",1.8,20.8,0.1,1.2,0,0.1,10.3,18,"Kendall Wright","Kendall Wright","WR","CHI","ATL","2","WRI486076","WR",18,3.02
"35","2532978","WR",2.8,29.5,0,0.1,0,0,13,18,"Jarius Wright","Jarius Wright","WR","MIN","NO","2","WRI391959","WR",18,3.6975
"36","2533039","WR",5.1,73.2,0.3,0.3,0,0,2.1,18,"Alshon Jeffery","Alshon Jeffery","WR","PHI","@WAS","1","JEF498860","WR",18,10.98
"37","2533040","WR",4.3,47.5,0.4,1.3,0,0,0.8,18,"Mohamed Sanu","Mohamed Sanu","WR","ATL","@CHI","1","SAN808447","WR",18,8.4675
"38","2534436","WR",0.9,11.5,0.1,0,0,0.1,44.5,18,"Deonte Thompson","Deonte Thompson","WR","CHI","ATL","NULL","THO528909","WR",18,1.7375
"39","2535698","WR",3.1,32.6,0.2,0.1,0,0,1.8,18,"Cole Beasley","Cole Beasley","WR","DAL","NYG","2","BEA434808","WR",18,5.285
"40","2535869","WR",0.7,7.5,0.1,0,0,0,6,18,"Rod Streater","Rod Streater","WR","BUF","NYJ","3","STR304414","WR",18,1.5375
"41","2535964","WR",0.7,9.7,0,1,0,0,2.7,18,"Josh Bellamy","Josh Bellamy","WR","CHI","ATL","NULL","BEL647328","WR",18,1.3125
"42","2535966","WR",1,10.7,0,0.1,0,0.1,1.2,18,"Brenton Bersin","Brenton Bersin","WR","CAR","@SF","2","BER717297","WR",18,1.0475
"43","2535988","WR",0.4,5.3,0,0,0,0.1,21.7,18,"Brittan Golden","Brittan Golden","WR","ARI","@DET","3","GOL049597","WR",18,0.3625
"44","2539203","WR",1.3,17,0.2,0,0,0,4,18,"Cobi Hamilton","Cobi Hamilton","WR","PIT","@CLE","4","HAM196632","WR",18,3.325
"45","2539205","WR",2.8,41.4,0.2,0,0,0,0.2,18,"Terrance Williams","Terrance Williams","WR","DAL","NYG","1","WIL532584","WR",18,6.375
"46","2539235","WR",0.4,7.5,0.1,0,0,0,0,18,"Tavarres King","Tavarres King","WR","NYG","@DAL","2","KIN640376","WR",18,1.5375
"47","2539291","WR",1.9,24,0.2,0.2,0,0,7.2,18,"Markus Wheaton","Markus Wheaton","WR","CHI","ATL","NULL","WHE120992","WR",18,4.22
"48","2539336","WR",3.3,30.3,0.1,9.5,0,0.1,21.2,18,"Tavon Austin","Tavon Austin","WR","LAR","IND","1","AUS659596","WR",18,5.0375
"49","2539964","WR",2.5,28.1,0.1,0,0,0,1.4,18,"Marquise Goodwin","Marquise Goodwin","WR","SF","CAR","1","GOO681722","WR",18,4.1125
"50","2540145","WR",1.7,16.2,0,1.3,0,0,30.2,18,"Cordarrelle Patterson","Cordarrelle Patterson","WR","OAK","@TEN","2","PAT387075","WR",18,2.155
"51","2540151","WR",0.3,6.1,0.1,0,0,0,0,18,"Justin Hunter","Justin Hunter","WR","PIT","@CLE","2","HUN711562","WR",18,1.3625
"52","2540154","WR",4.1,56,0.4,0,0,0,1.2,18,"Keenan Allen","Keenan Allen","WR","LAC","@DEN","1","ALL532966","WR",18,9.4
"53","2540165","WR",5.1,67.8,0.3,0,0,0,0,18,"DeAndre Hopkins","DeAndre Hopkins","WR","HOU","JAX","1","HOP161500","WR",18,10.275
"54","2540169","WR",3.3,39.2,0.1,0.8,0,0,2.1,18,"Robert Woods","Robert Woods","WR","LAR","IND","NULL","WOO561144","WR",18,5.58
"55","2540177","WR",0.1,2.3,0,0,0,0,0,18,"Marquess Wilson","Marquess Wilson","WR","NYJ","@BUF","NULL","WIL750668","WR",18,0.2875
"56","2540202","WR",2.4,40.1,0.4,0.1,0,0,0.6,18,"Kenny Stills","Kenny Stills","WR","MIA","TB","1","STI417540","WR",18,7.4225
"57","2540279","WR",0.6,6.3,0.1,0,0,0,22.4,18,"Nick Williams","Nick Williams","WR","ATL","@CHI","3","WIL456782","WR",18,1.3875
"58","2541388","WR",0.7,10.5,0.1,0.3,0,0,3.6,18,"Brice Butler","Brice Butler","WR","DAL","NYG","2","BUT116760","WR",18,1.9425
"59","2541785","WR",2.8,38,0.2,1.1,0,0.1,1.3,18,"Adam Thielen","Adam Thielen","WR","MIN","NO","1","THI510348","WR",18,5.76
"60","2541940","WR",0.1,1.5,0,0,0,0,7.9,18,"Rashad Ross","Rashad Ross","WR","BUF","NYJ","5","ROS672152","WR",18,0.1875
"61","2541944","WR",0.9,13.5,0,0.2,0,0,0,18,"Russell Shepard","Russell Shepard","WR","CAR","@SF","2","SHE495616","WR",18,1.7075
"62","2541966","WR",0.9,13.9,0,0,0,0.1,4.3,18,"Jaron Brown","Jaron Brown","WR","ARI","@DET","2","BRO486303","WR",18,1.4375
"63","2543457","WR",4.2,56.9,0.4,3.7,0.1,0,7.9,18,"Sammy Watkins","Sammy Watkins","WR","LAR","IND","1","WAT270480","WR",18,10.4825
"64","2543468","WR",5.6,82.3,0.5,0,0,0,0,18,"Mike Evans","Mike Evans","WR","TB","@MIA","1","EVA534309","WR",18,13.2875
"65","2543471","WR",3.7,56.6,0.5,0.6,0,0.1,1.5,18,"Kelvin Benjamin","Kelvin Benjamin","WR","CAR","@SF","1","BEN150538","WR",18,9.835
"66","2543475","WR",4.2,54.4,0.2,2,0,0,18.1,18,"Marqise Lee","Marqise Lee","WR","JAX","@HOU","1","LEE466282","WR",18,8.2
"67","2543488","WR",5.6,64.1,0.2,2.6,0,0.1,20.1,18,"Jarvis Landry","Jarvis Landry","WR","MIA","TB","1","LAN163029","WR",18,9.1725
"68","2543491","WR",1.3,19.3,0.1,0.2,0,0,5.9,18,"Paul Richardson","Paul Richardson","WR","SEA","@GB","5","RIC593564","WR",18,3.0325
"69","2543495","WR",4.4,59.5,0.6,0.4,0,0,1.4,18,"Davante Adams","Davante Adams","WR","GB","SEA","2","ADA218591","WR",18,11.0775
"70","2543496","WR",5.9,80.8,0.6,0.5,0,0,5.8,18,"Odell Beckham","Odell Beckham","WR","NYG","@DAL","1","BEC573252","WR",18,13.75
"71","2543498","WR",5.2,67.4,0.4,1.2,0,0,2.2,18,"Brandin Cooks","Brandin Cooks","WR","NE","KC","1","COO299382","WR",18,10.945
"72","2543500","WR",3.7,46.1,0.2,0.1,0,0,0,18,"Jordan Matthews","Jordan Matthews","WR","BUF","NYJ","1","MAT569663","WR",18,6.9725
"73","2543509","WR",4.6,66.9,0.5,0,0,0,0,18,"Allen Robinson","Allen Robinson","WR","JAX","@HOU","1","ROB365982","WR",18,11.3625
"74","2543572","WR",3.9,50.2,0.4,2.6,0,0,1.6,18,"Martavis Bryant","Martavis Bryant","WR","PIT","@CLE","NULL","BRY499889","WR",18,8.935
"75","2543590","WR",0.6,6.4,0,0,0,0,9.5,18,"Cody Latimer","Cody Latimer","WR","DEN","LAC","2","LAT362049","WR",18,0.8
"76","2543614","WR",4.6,52.2,0.7,0.1,0,0,2,18,"Donte Moncrief","Donte Moncrief","WR","IND","@LA","NULL","MON117004","WR",18,10.735
"77","2543619","WR",0.7,9.7,0,0,0,0,9.2,18,"Walt Powell","Walt Powell","WR","BUF","NYJ","4","POW570795","WR",18,1.2125
"78","2543638","WR",0.6,3.6,0,1.9,0,0,22.2,18,"DeAnthony Thomas","DeAnthony Thomas","WR","KC","@NE","2","THO095665","WR",18,0.64
"79","2543641","WR",0,0.3,0,0,0,0,0,18,"Devin Street","Devin Street","WR","HOU","JAX","4","STR305294","WR",18,0.0375
"80","2543746","WR",1.2,11.8,0,0.6,0,0,34.2,18,"Josh Huff","Josh Huff","WR","TB","@MIA","4","HUF194666","WR",18,1.535
"81","2543750","WR",1.7,14.4,0.1,8.7,0.1,0,5.9,18,"Jeff Janis","Jeff Janis","WR","GB","SEA","3","JAN413854","WR",18,3.87
"82","2543759","WR",0.7,6.5,0,0,0,0,1.9,18,"Ryan Grant","Ryan Grant","WR","WAS","PHI","2","GRA498062","WR",18,0.8125
"83","2543774","WR",0.1,1,0,0,0,0,0,18,"Jared Abbrederis","Jared Abbrederis","WR","DET","ARI","3","ABB650964","WR",18,0.125
"84","2543836","WR",0.5,7.2,0,0,0,0,10.8,18,"T.J. Jones","T.J. Jones","WR","DET","ARI","2","JON731255","WR",18,0.9
"85","2543847","WR",3,41,0.4,0.7,0,0,5,18,"John Brown","John Brown","WR","ARI","@DET","1","BRO494712","WR",18,7.595
"86","2550162","WR",0.3,2.9,0,0,0,0,0,18,"James Wright","James Wright","WR","CLE","PIT","3","WRI346086","WR",18,0.3625
"87","2550163","WR",0.9,8.8,0,1.4,0,0,6.3,18,"Michael Campanaro","Michael Campanaro","WR","BAL","@CIN","2","CAM169006","WR",18,1.24
"88","2550183","WR",0.2,3.2,0,0,0,0,4.7,18,"Jeremy Butler","Jeremy Butler","WR","BUF","NYJ","4","BUT279308","WR",18,0.4
"89","2550198","WR",0.9,10.7,0.1,0.1,0,0,2.1,18,"Bennie Fowler","Bennie Fowler","WR","DEN","LAC","2","FOW140514","WR",18,1.9475
"90","2550223","WR",0.4,6.7,0,0,0,0,0,18,"Freddie Martino","Freddie Martino","WR","TB","@MIA","2","MAR789763","WR",18,0.8375
"91","2550256","WR",4.9,62.9,0.2,0,0,0,0,18,"Willie Snead","Willie Snead","WR","NO","@MIN","1","SNE115447","WR",18,9.0625
"92","2550272","WR",2.2,21.7,0.2,1.7,0,0,0.1,18,"Albert Wilson","Albert Wilson","WR","KC","@NE","2","WIL648299","WR",18,4.0825
"93","2550328","WR",1.6,21.3,0.1,0,0,0,0,18,"Brandon Coleman","Brandon Coleman","WR","NO","@MIN","2","COL222062","WR",18,3.2625
"94","2550353","WR",2.5,31.1,0.1,0.3,0,0,7.8,18,"Allen Hurns","Allen Hurns","WR","JAX","@HOU","2","HUR436342","WR",18,4.5175
"95","2550459","WR",1.3,10,0,0.6,0,0.1,12.4,18,"Javontee Herndon","Javontee Herndon","WR","DAL","NYG","NULL","HER391702","WR",18,1.01
"96","2550597","WR",2.6,31.7,0.3,0,0,0,1.6,18,"Seth Roberts","Seth Roberts","WR","OAK","@TEN","2","ROB240370","WR",18,5.7625
"97","2550617","WR",2.9,46.5,0.3,1.9,0,0,0.5,18,"Taylor Gabriel","Taylor Gabriel","WR","ATL","@CHI","2","GAB627060","WR",18,7.8025
"98","2552409","WR",3.6,54.8,0.3,0,0,0,0,18,"DeVante Parker","DeVante Parker","WR","MIA","TB","1","PAR226609","WR",18,8.65
"99","2552415","WR",4.5,62.2,0.4,-0.4,0,0,13.7,18,"Jamison Crowder","Jamison Crowder","WR","WAS","PHI","1","CRO697273","WR",18,10.135
"100","2552418","WR",1.5,16.1,0.2,0,0,0,0.8,18,"Justin Hardy","Justin Hardy","WR","ATL","@CHI","2","HAR111877","WR",18,3.2125
"101","2552424","WR",2,28.2,0.1,0.7,0,0,0.8,18,"Phillip Dorsett","Phillip Dorsett","WR","IND","@LA","NULL","DOR488199","WR",18,4.195
"102","2552425","WR",0.7,5.2,0,0,0,0.1,15.3,18,"Rashad Greene","Rashad Greene","WR","JAX","@HOU","3","GRE031322","WR",18,0.35
"103","2552428","WR",0,0.1,0,0,0,0,15.6,18,"Tre McBride","Tre McBride","WR","TEN","OAK","2","MCB743359","WR",18,0.0125
"104","2552430","WR",3,43.6,0.2,2.3,0,0,50.8,18,"Tyler Lockett","Tyler Lockett","WR","SEA","@GB","6","LOC420915","WR",18,6.88
"105","2552458","WR",2.1,31.6,0.2,1.4,0,0,7.4,18,"Devin Funchess","Devin Funchess","WR","CAR","@SF","1","FUN405541","WR",18,5.29
"106","2552463","WR",1.2,11.2,0,0,0,0,3.2,18,"Jaelen Strong","Jaelen Strong","WR","HOU","JAX","2","STR627834","WR",18,1.4
"107","2552470","WR",1.4,26,0,0.8,0,0,11.5,18,"Sammie Coates","Sammie Coates","WR","PIT","@CLE","2","COA667430","WR",18,3.33
"108","2552487","WR",5.6,81.5,0.4,-0.1,0,0,0.6,18,"Amari Cooper","Amari Cooper","WR","OAK","@TEN","1","COO487703","WR",18,12.5775
"109","2552597","WR",2.9,40.8,0.1,0.1,0,0,0,18,"Breshad Perriman","Breshad Perriman","WR","BAL","@CIN","1","PER440170","WR",18,5.71
"110","2552600","WR",2,21.9,0.1,0.8,0,0,8,18,"Nelson Agholor","Nelson Agholor","WR","PHI","@WAS","1","AGH474619","WR",18,3.4175
"111","2552608","WR",5,54.1,0.3,0.9,0,0,2.3,18,"Stefon Diggs","Stefon Diggs","WR","MIN","NO","1","DIG218895","WR",18,8.6525
"112","2552627","WR",0.1,2,0,0,0,0,0,18,"DeAndre Smelter","DeAndre Smelter","WR","SF","CAR","4","SME387261","WR",18,0.25
"113","2552652","WR",2.5,28.6,0.1,1.6,0,0,2.2,18,"Chris Conley","Chris Conley","WR","KC","@NE","1","CON236839","WR",18,4.335
"114","2552656","WR",2.3,37.2,0.3,1.8,0.1,0,2,18,"J.J. Nelson","J.J. Nelson","WR","ARI","@DET","2","NEL488051","WR",18,7.23
"115","2553432","WR",3.4,40.9,0.1,0.4,0,0,3.7,18,"Kevin White","Kevin White","WR","CHI","ATL","NULL","WHI315610","WR",18,5.7525
"116","2553467","WR",0,0.5,0,0.1,0,0,55.3,18,"Quan Bray","Quan Bray","WR","IND","@LA","NULL","BRA778039","WR",18,0.0725
"117","2553568","WR",4.2,61.4,0.4,0.3,0,0,0.9,18,"Cameron Meredith","Cameron Meredith","WR","CHI","ATL","NULL","MER114236","WR",18,10.105
"118","2553606","WR",1,10.5,0.1,0,0,0.1,3,18,"Jordan Taylor","Jordan Taylor","WR","DEN","LAC","3","TAY439186","WR",18,1.6125
"119","2553621","WR",0.1,0.6,0,1.7,0,0,21.2,18,"Lucky Whitehead","Lucky Whitehead","WR","NYJ","@BUF","3","WHI623090","WR",18,0.245
"120","2553737","WR",3.6,40.9,0.1,0.3,0,0.1,2.2,18,"Eli Rogers","Eli Rogers","WR","PIT","@CLE","2","ROG291905","WR",18,5.4425
"121","2553876","WR",0.3,3.2,0,0,0,0,4.1,18,"Donteea Dye","Donteea Dye","WR","TB","@MIA","3","DYE190770","WR",18,0.4
"122","2553895","WR",2.8,32.7,0.1,0.9,0,0,12.5,18,"Adam Humphries","Adam Humphries","WR","TB","@MIA","2","HUM721507","WR",18,4.7775
"123","2553913","WR",3.4,50.7,0.3,0,0,0,0.5,18,"Tyrell Williams","Tyrell Williams","WR","LAC","@DEN","8","WIL547641","WR",18,8.1375
"124","2555209","WR",0.3,1.8,0,1,0,0,15,18,"Chris Moore","Chris Moore","WR","BAL","@CIN","3","MOO226734","WR",18,0.325
"125","2555214","WR",0.5,4.9,0,0.4,0,0,9.7,18,"Laquon Treadwell","Laquon Treadwell","WR","MIN","NO","2","TRE425415","WR",18,0.6525
"126","2555215","WR",0.2,1.6,0,0,0,0,3.5,18,"Leonte Carroo","Leonte Carroo","WR","MIA","TB","2","CAR559411","WR",18,0.2
"127","2555216","WR",1.6,19.7,0.2,0.2,0,0,0.8,18,"Malcolm Mitchell","Malcolm Mitchell","WR","NE","KC","7","MIT502824","WR",18,3.6825
"128","2555295","WR",3.7,41.5,0.4,0.4,0,0,0,18,"Sterling Shepard","Sterling Shepard","WR","NYG","@DAL","1","SHE495754","WR",18,7.6275
"129","2555317","WR",2,23.7,0.1,0.1,0,0,1.5,18,"Tajae Sharpe","Tajae Sharpe","WR","TEN","OAK","7","SHA495155","WR",18,3.5725
"130","2555331","WR",1,11,0,0,0,0,1.3,18,"Cody Core","Cody Core","WR","CIN","BAL","2","COR258226","WR",18,1.375
"131","2555333","WR",3.2,35.5,0.3,0.8,0,0,3.5,18,"Corey Coleman","Corey Coleman","WR","CLE","PIT","1","COL232728","WR",18,6.3175
"132","2555343","WR",3.3,40.1,0.1,0,0,0.1,13.2,18,"Josh Doctson","Josh Doctson","WR","WAS","PHI","NULL","DOC662393","WR",18,5.3125
"133","2555346","WR",3,36.8,0.1,0.1,0,0,11.7,18,"Will Fuller","Will Fuller","WR","HOU","JAX","1","FUL503598","WR",18,5.21
"134","2555348","WR",1.3,10.9,0,0,0,0,5.4,18,"Braxton Miller","Braxton Miller","WR","HOU","JAX","2","MIL146472","WR",18,1.3625
"135","2555356","WR",0,0.3,0,0,0,0,33.6,18,"Keenan Reynolds","Keenan Reynolds","WR","BAL","@CIN","4","REY406954","WR",18,0.0375
"136","2555362","WR",0.4,4.7,0,0,0,0.1,0.6,18,"Aaron Burbridge","Aaron Burbridge","WR","SF","CAR","5","BUR012358","WR",18,0.2875
"137","2555370","WR",0,0.3,0,0,0,0,13.5,18,"Jordan Payton","Jordan Payton","WR","CLE","PIT","NULL","PAY611897","WR",18,0.0375
"138","2555413","WR",0,0,0,0,0,0,13.9,18,"Trevor Davis","Trevor Davis","WR","GB","SEA","3","DAV778929","WR",18,0
"139","2555419","WR",0.9,7.1,0,0,0,0,23.1,18,"Pharoh Cooper","Pharoh Cooper","WR","LAR","IND","1","COO679646","WR",18,0.8875
"140","2555466","WR",3.1,35.9,0,2.5,0,0,0,18,"Tyler Boyd","Tyler Boyd","WR","CIN","BAL","2","BOY378353","WR",18,4.7375
"141","2555468","WR",0.5,6.3,0,0,0,0,9.9,18,"Rashard Higgins","Rashard Higgins","WR","CLE","PIT","3","HIG322107","WR",18,0.7875
"142","2555473","WR",1.8,20.4,0.1,-0.1,0,0,7,18,"Ricardo Louis","Ricardo Louis","WR","CLE","PIT","2","LOU665833","WR",18,3.14
"143","2555477","WR",2.4,27.9,0,0,0,0,0.6,18,"Charone Peake","Charone Peake","WR","NYJ","@BUF","NULL","PEA150300","WR",18,3.4875
"144","2555478","WR",0.7,6.8,0,0,0,0,11.4,18,"Demarcus Robinson","Demarcus Robinson","WR","KC","@NE","3","ROB399065","WR",18,0.85
"145","2556190","WR",0,0,0,0.1,0,0,32.7,18,"Jakeem Grant","Jakeem Grant","WR","MIA","TB","2","GRA443889","WR",18,0.01
"146","2556214","WR",4.4,46.5,0.3,11.2,0.1,0.1,45.8,18,"Tyreek Hill","Tyreek Hill","WR","KC","@NE","1","HIL628694","WR",18,9.0325
"147","2556370","WR",5.2,70.9,0.6,0.5,0,0,0.1,18,"Michael Thomas","Michael Thomas","WR","NO","@MIN","2","THO308912","WR",18,12.5125
"148","2556396","WR",0.7,9.7,0,0,0,0,20.2,18,"Chester Rogers","Chester Rogers","WR","IND","@LA","NULL","ROG146742","WR",18,1.2125
"149","2556404","WR",0.3,2.9,0,0,0,0,1.1,18,"Maurice Harris","Maurice Harris","WR","WAS","PHI","2","HAR485163","WR",18,0.3625
"150","2556462","WR",4,60.3,0.4,1.7,0,0,0,18,"Robby Anderson","Robby Anderson","WR","NYJ","@BUF","NULL","AND460305","WR",18,10.1075
"151","2556473","WR",0.9,12.3,0,0,0,0,34.9,18,"Jace Billingsley","Jace Billingsley","WR","DET","ARI","NULL","BIL471428","WR",18,1.5375
"152","2556519","WR",0.4,5.3,0,0,0,0,54.5,18,"Alex Erickson","Alex Erickson","WR","CIN","BAL","NULL","ERI090697","WR",18,0.6625
"153","2556569","WR",0,0,0,-0.4,0,0,15.2,18,"Andy Jones","Andy Jones","WR","DAL","NYG","NULL","JON037185","WR",18,-0.04
"154","2556592","WR",0.4,5.1,0.1,0,0,0,5.1,18,"Roger Lewis","Roger Lewis","WR","NYG","@DAL","2","LEW642806","WR",18,1.2375
"155","2556612","WR",0.5,8.3,0.1,0,0,0,0,18,"Tanner McEvoy","Tanner McEvoy","WR","SEA","@GB","4","MCE657259","WR",18,1.6375
"156","2556697","WR",0.1,2,0,0.2,0,0,0.4,18,"Bryce Treggs","Bryce Treggs","WR","PHI","@WAS","2","TRE674214","WR",18,0.27
"157","2556752","WR",0.4,3.4,0,0.3,0,0,23.1,18,"Tommylee Lewis","Tommylee Lewis","WR","NO","@MIN","3","LEW746431","WR",18,0.455
"158","2556785","WR",0.4,5.6,0,0,0,0,1.2,18,"Paul Turner","Paul Turner","WR","PHI","@WAS","4","TUR636473","WR",18,0.7
"159","2556805","WR",0.1,0.6,0,2.6,0,0,0,18,"Johnny Holton","Johnny Holton","WR","OAK","@TEN","3","HOL773557","WR",18,0.335
"160","2557848","WR",3.4,42.4,0.3,0.1,0,0,2.2,18,"Corey Davis","Corey Davis","WR","TEN","OAK","1","DAV247957","WR",18,7.11
"161","2557863","WR",3.1,36.5,0.1,1.8,0,0,2.3,18,"Zay Jones","Zay Jones","WR","BUF","NYJ","2","JON403726","WR",18,5.3425
"162","2557898","WR",0.7,5.6,0,0.2,0,0.1,10,18,"Cooper Kupp","Cooper Kupp","WR","LAR","IND","NULL","KUP534597","WR",18,0.42
"163","2557905","WR",0.2,1.8,0,0.2,0,0,5.4,18,"Amara Darboh","Amara Darboh","WR","SEA","@GB","8","DAR032327","WR",18,0.245
"164","2557960","WR",0,0,0,-0.4,0,0,12.9,18,"Ryan Switzer","Ryan Switzer","WR","DAL","NYG","NULL","SWI749216","WR",18,-0.04
"165","2558003","WR",0.1,0.6,0,-0.1,0,0,8,18,"Carlos Henderson","Carlos Henderson","WR","DEN","LAC","NULL","HEN046638","WR",18,0.065
"166","2558010","WR",0.3,2.3,0,0.2,0,0,18.9,18,"John Ross","John Ross","WR","CIN","BAL","3","ROS616450","WR",18,0.3075
"167","2558047","WR",0.1,0.5,0,0.4,0,0,12,18,"Rodney Adams","Rodney Adams","WR","MIN","NO","5","ADA555214","WR",18,0.1025
"168","2558052","WR",3,36.4,0.1,0,0,0.1,3.4,18,"Kenny Golladay","Kenny Golladay","WR","DET","ARI","2","GOL573546","WR",18,4.85
"169","2558066","WR",1.5,19.4,0,0.6,0,0.1,5.9,18,"Curtis Samuel","Curtis Samuel","WR","CAR","@SF","3","SAM633285","WR",18,2.185
"170","2558069","WR",1,11.7,0,0,0,0.1,13.3,18,"Chad Hansen","Chad Hansen","WR","NYJ","@BUF","NULL","HAN612772","WR",18,1.1625
"171","2558105","WR",0.6,6.9,0,0,0,0,1.4,18,"Chris Godwin","Chris Godwin","WR","TB","@MIA","NULL","GOD549393","WR",18,0.8625
"172","2558150","WR",2.7,30.8,0.3,0.1,0,0,4.1,18,"ArDarius Stewart","ArDarius Stewart","WR","NYJ","@BUF","NULL","STE738995","WR",18,5.66
"173","2558194","WR",0.2,1.3,0,0,0,0,0.6,18,"Josh Reynolds","Josh Reynolds","WR","LAR","IND","NULL","REY398905","WR",18,0.1625
"174","2558208","WR",0.1,0.3,0,0,0,0,4.6,18,"Chad Williams","Chad Williams","WR","ARI","@DET","3","WIL179904","WR",18,0.0375
"175","2558262","WR",0.6,5.3,0,0.3,0,0,5.4,18,"Mack Hollins","Mack Hollins","WR","PHI","@WAS","2","HOL280459","WR",18,0.6925
"176","2558846","WR",0.1,0.9,0,0,0,0,14.4,18,"Mike Williams","Mike Williams","WR","LAC","@DEN","NULL","WIL000009","WR",18,0.1125
"177","2649","WR",1.2,11,0.2,0.3,0,0.1,12.6,18,"Danny Amendola","Danny Amendola","WR","NE","KC","3","AME359918","WR",18,2.305
"178","4487","WR",0,0,0,0.1,0,0,1.8,18,"Matt Slater","Matthew Slater","WR","NE","KC","4","SLA420538","WR",18,0.01
"179","497270","WR",0.2,4.3,0,0,0,0,1.4,18,"Arrelious Benn","Arrelious Benn","WR","JAX","@HOU","2","BEN192067","WR",18,0.5375
"180","497278","WR",4.2,64,0.7,0,0,0.1,0.3,18,"Dez Bryant","Dez Bryant","WR","DAL","NYG","1","BRY336027","WR",18,11.9
"181","497284","WR",3.3,52.3,0.5,0.3,0,0.1,0.2,18,"Eric Decker","Eric Decker","WR","TEN","OAK","2","DEC487021","WR",18,9.2675
"182","497302","WR",4,52.3,0.2,0.6,0,0,0,18,"Brandon LaFell","Brandon LaFell","WR","CIN","BAL","1","LAF184731","WR",18,7.7975
"183","497320","WR",0.5,6.4,0,0,0,0,37.4,18,"Andre Roberts","Andre Roberts","WR","ATL","@CHI","3","ROB102317","WR",18,0.8
"184","497322","WR",4.2,59.6,0.2,0.6,0,0,1.6,18,"Emmanuel Sanders","Emmanuel Sanders","WR","DEN","LAC","1","SAN295989","WR",18,8.71
"185","497326","WR",6.3,72.1,0.4,1.2,0,0,1.3,18,"Golden Tate","Golden Tate","WR","DET","ARI","1","TAT245022","WR",18,11.5325
"186","497328","WR",4.9,58.2,0.3,0,0,0.1,0,18,"Demaryius Thomas","Demaryius Thomas","WR","DEN","LAC","1","THO095855","WR",18,8.775
"187","71217","WR",3.4,43.3,0.1,0.6,0,0,0,18,"Kenny Britt","Kenny Britt","WR","CLE","PIT","NULL","BRI708216","WR",18,6.0725
"188","71269","WR",6.3,71,0.5,0,0,0,0,18,"Michael Crabtree","Michael Crabtree","WR","OAK","@TEN","1","CRA111040","WR",18,11.875
"189","80427","WR",1.1,22.5,0.1,0.9,0,0,5.7,18,"Darrius Heyward-Bey","Darrius Heyward-Bey","WR","PIT","@CLE","1","HEY279111","WR",18,3.5025
"190","80429","WR",4,54.2,0.3,0.1,0,0,0,18,"Jeremy Maclin","Jeremy Maclin","WR","BAL","@CIN","2","MAC710352","WR",18,8.585
"191","81306","WR",0.5,6.4,0,1.2,0,0,55.3,18,"Brandon Tate","Brandon Tate","WR","BUF","NYJ","2","TAT140853","WR",18,0.92
